transaction_id,account_id,customer_id,org_id,transaction_date,amount,currency,description,created_at
1,18,11,4,2024-05-20,4912.78,USD,Transaction description 1,2026-02-01T00:44:02.292188
2,10,49,4,2024-06-08,268.95,GBP,Transaction description 2,2026-02-01T00:44:02.292193
3,20,30,2,2024-11-26,4542.12,USD,Transaction description 3,2026-02-01T00:44:02.292197
4,3,32,2,2024-03-15,9677.98,GBP,Transaction description 4,2026-02-01T00:44:02.292200
5,2,41,4,2024-07-06,7397.49,USD,Transaction description 5,2026-02-01T00:44:02.292203
6,16,30,5,2024-05-17,4376.03,GBP,Transaction description 6,2026-02-01T00:44:02.292206
7,6,20,3,2024-09-29,-7795.11,GBP,Transaction description 7,2026-02-01T00:44:02.292210
8,1,19,4,2024-04-26,-5107.01,USD,Transaction description 8,2026-02-01T00:44:02.292213
9,20,8,5,2024-04-24,7921.86,GBP,Transaction description 9,2026-02-01T00:44:02.292217
10,4,41,2,2024-12-01,-2174.02,USD,Transaction description 10,2026-02-01T00:44:02.292220
11,10,47,3,2024-09-20,4781.96,GBP,Transaction description 11,2026-02-01T00:44:02.292223
12,12,34,1,2024-04-28,5764.98,EUR,Transaction description 12,2026-02-01T00:44:02.292226
13,4,49,3,2024-05-03,-2659.02,GBP,Transaction description 13,2026-02-01T00:44:02.292230
14,19,9,4,2024-12-22,-9302.82,EUR,Transaction description 14,2026-02-01T00:44:02.292233
15,20,6,2,2024-12-16,4028.77,USD,Transaction description 15,2026-02-01T00:44:02.292236
16,10,30,4,2024-10-18,8263.39,USD,Transaction description 16,2026-02-01T00:44:02.292239
17,11,33,5,2024-05-30,7715.3,EUR,Transaction description 17,2026-02-01T00:44:02.292242
18,14,36,5,2024-07-30,8686.08,USD,Transaction description 18,2026-02-01T00:44:02.292245
19,2,11,4,2024-10-19,-3545.34,GBP,Transaction description 19,2026-02-01T00:44:02.292248
20,8,1,5,2024-01-15,4749.48,GBP,Transaction description 20,2026-02-01T00:44:02.292251
21,14,27,2,2024-04-03,-2484.68,GBP,Transaction description 21,2026-02-01T00:44:02.292253
22,8,28,5,2024-08-04,8460.2,GBP,Transaction description 22,2026-02-01T00:44:02.292255
23,8,3,2,2024-12-08,2073.1,EUR,Transaction description 23,2026-02-01T00:44:02.292257
24,13,43,3,2024-08-03,-7394.37,USD,Transaction description 24,2026-02-01T00:44:02.292260
25,16,31,4,2024-10-23,-69.65,GBP,Transaction description 25,2026-02-01T00:44:02.292262
26,20,18,1,2024-08-04,-8694.15,USD,Transaction description 26,2026-02-01T00:44:02.292264
27,6,20,2,2024-04-05,246.65,USD,Transaction description 27,2026-02-01T00:44:02.292266
28,4,29,2,2024-10-08,-5682.25,USD,Transaction description 28,2026-02-01T00:44:02.292270
29,11,38,3,2024-02-11,-3398.65,GBP,Transaction description 29,2026-02-01T00:44:02.292272
30,17,20,3,2024-07-03,-5455.68,GBP,Transaction description 30,2026-02-01T00:44:02.292274
31,17,50,1,2024-05-06,-2874.34,USD,Transaction description 31,2026-02-01T00:44:02.292277
32,9,26,5,2024-03-07,3396.24,EUR,Transaction description 32,2026-02-01T00:44:02.292279
33,14,50,4,2024-12-10,-8780.27,GBP,Transaction description 33,2026-02-01T00:44:02.292281
34,17,20,5,2024-05-26,5705.2,GBP,Transaction description 34,2026-02-01T00:44:02.292284
35,11,31,1,2024-03-19,-9563.34,GBP,Transaction description 35,2026-02-01T00:44:02.292286
36,12,47,1,2024-04-14,7432.1,USD,Transaction description 36,2026-02-01T00:44:02.292288
37,2,24,1,2024-04-15,9074.86,GBP,Transaction description 37,2026-02-01T00:44:02.292290
38,13,50,1,2024-08-27,5048.56,EUR,Transaction description 38,2026-02-01T00:44:02.292292
39,14,5,5,2024-06-22,-4324.77,USD,Transaction description 39,2026-02-01T00:44:02.292294
40,3,4,1,2024-07-09,-2967.8,EUR,Transaction description 40,2026-02-01T00:44:02.292297
41,10,14,2,2024-01-28,-9965.69,GBP,Transaction description 41,2026-02-01T00:44:02.292299
42,19,1,1,2024-08-07,696.08,USD,Transaction description 42,2026-02-01T00:44:02.292301
43,8,30,5,2024-10-11,-8540.15,GBP,Transaction description 43,2026-02-01T00:44:02.292303
44,13,21,3,2024-01-03,-206.02,GBP,Transaction description 44,2026-02-01T00:44:02.292306
45,10,42,5,2024-12-02,2222.38,GBP,Transaction description 45,2026-02-01T00:44:02.292308
46,13,26,2,2024-01-26,6266.09,EUR,Transaction description 46,2026-02-01T00:44:02.292310
47,14,42,4,2024-07-05,5791.17,EUR,Transaction description 47,2026-02-01T00:44:02.292313
48,2,35,5,2024-12-15,-1289.22,EUR,Transaction description 48,2026-02-01T00:44:02.292315
49,19,16,4,2024-02-07,8776.89,USD,Transaction description 49,2026-02-01T00:44:02.292317
50,10,18,4,2024-11-25,2891.03,EUR,Transaction description 50,2026-02-01T00:44:02.292319
51,4,1,1,2024-12-11,-6516.48,GBP,Transaction description 51,2026-02-01T00:44:02.292322
52,16,48,1,2024-03-07,-6442.2,GBP,Transaction description 52,2026-02-01T00:44:02.292324
53,4,3,3,2024-11-17,-2181.66,GBP,Transaction description 53,2026-02-01T00:44:02.292326
54,6,3,2,2024-09-11,-6384.97,EUR,Transaction description 54,2026-02-01T00:44:02.292328
55,11,8,2,2024-03-12,-4146.79,USD,Transaction description 55,2026-02-01T00:44:02.292330
56,13,12,1,2024-02-18,-2709.17,USD,Transaction description 56,2026-02-01T00:44:02.292333
57,5,3,3,2024-11-13,6991.7,GBP,Transaction description 57,2026-02-01T00:44:02.292335
58,3,29,4,2024-12-02,-3737.6,GBP,Transaction description 58,2026-02-01T00:44:02.292337
59,12,20,5,2024-01-05,2527.71,GBP,Transaction description 59,2026-02-01T00:44:02.292339
60,12,4,3,2024-08-17,3046.62,GBP,Transaction description 60,2026-02-01T00:44:02.292341
61,14,12,5,2024-06-19,4433.3,USD,Transaction description 61,2026-02-01T00:44:02.292344
62,11,32,2,2024-04-03,-3946.13,USD,Transaction description 62,2026-02-01T00:44:02.292346
63,16,32,1,2024-08-14,3822.41,USD,Transaction description 63,2026-02-01T00:44:02.292348
64,12,2,2,2024-05-31,-9971.09,USD,Transaction description 64,2026-02-01T00:44:02.292351
65,13,27,3,2024-05-03,4554.35,GBP,Transaction description 65,2026-02-01T00:44:02.292353
66,10,26,1,2024-09-10,-7445.62,EUR,Transaction description 66,2026-02-01T00:44:02.292355
67,10,34,2,2024-09-21,33.71,EUR,Transaction description 67,2026-02-01T00:44:02.292358
68,11,47,5,2024-01-18,9009.61,EUR,Transaction description 68,2026-02-01T00:44:02.292360
69,19,15,2,2024-05-24,-230.27,EUR,Transaction description 69,2026-02-01T00:44:02.292362
70,18,26,4,2024-10-14,570.73,EUR,Transaction description 70,2026-02-01T00:44:02.292365
71,8,24,2,2024-12-14,-7932.56,EUR,Transaction description 71,2026-02-01T00:44:02.292368
72,8,49,4,2024-01-25,2191.75,USD,Transaction description 72,2026-02-01T00:44:02.292370
73,17,42,5,2024-05-18,-8254.74,EUR,Transaction description 73,2026-02-01T00:44:02.292372
74,4,41,3,2024-01-02,2257.65,GBP,Transaction description 74,2026-02-01T00:44:02.292374
75,1,45,4,2024-07-01,2619.92,USD,Transaction description 75,2026-02-01T00:44:02.292377
76,5,12,3,2024-03-27,6178.73,USD,Transaction description 76,2026-02-01T00:44:02.292379
77,19,20,2,2024-05-11,-5762.55,GBP,Transaction description 77,2026-02-01T00:44:02.292381
78,7,12,5,2024-05-22,9867.56,EUR,Transaction description 78,2026-02-01T00:44:02.292384
79,5,30,3,2024-07-13,4901.96,EUR,Transaction description 79,2026-02-01T00:44:02.292386
80,17,7,1,2024-12-21,1498.82,GBP,Transaction description 80,2026-02-01T00:44:02.292388
81,8,2,2,2024-01-18,5054.17,EUR,Transaction description 81,2026-02-01T00:44:02.292390
82,10,6,3,2024-10-05,-7214.63,EUR,Transaction description 82,2026-02-01T00:44:02.292393
83,18,45,1,2024-05-07,5443.89,USD,Transaction description 83,2026-02-01T00:44:02.292395
84,1,28,5,2024-09-21,3113.82,EUR,Transaction description 84,2026-02-01T00:44:02.292397
85,14,4,1,2024-04-03,178.37,EUR,Transaction description 85,2026-02-01T00:44:02.292399
86,8,33,4,2024-12-25,5771.58,EUR,Transaction description 86,2026-02-01T00:44:02.292402
87,20,12,1,2024-05-12,8292.74,USD,Transaction description 87,2026-02-01T00:44:02.292404
88,19,22,1,2024-05-18,3395.96,USD,Transaction description 88,2026-02-01T00:44:02.292406
89,16,31,3,2024-11-13,-2083.97,EUR,Transaction description 89,2026-02-01T00:44:02.292408
90,18,10,3,2024-10-24,-3461.07,USD,Transaction description 90,2026-02-01T00:44:02.292410
91,10,28,3,2024-06-16,-1117.88,USD,Transaction description 91,2026-02-01T00:44:02.292413
92,14,40,3,2024-03-15,9601.56,EUR,Transaction description 92,2026-02-01T00:44:02.292415
93,8,14,5,2024-07-21,310.26,USD,Transaction description 93,2026-02-01T00:44:02.292417
94,14,41,3,2024-10-31,-2646.67,USD,Transaction description 94,2026-02-01T00:44:02.292420
95,2,19,3,2024-06-09,-3009.72,GBP,Transaction description 95,2026-02-01T00:44:02.292422
96,3,10,3,2024-10-20,3405.31,GBP,Transaction description 96,2026-02-01T00:44:02.292424
97,14,17,1,2024-10-04,3807.83,USD,Transaction description 97,2026-02-01T00:44:02.292426
98,4,20,4,2024-03-31,-1069.43,GBP,Transaction description 98,2026-02-01T00:44:02.292428
99,3,14,3,2024-05-31,2444.61,EUR,Transaction description 99,2026-02-01T00:44:02.292431
100,7,25,1,2024-10-22,-8147.38,GBP,Transaction description 100,2026-02-01T00:44:02.292433
101,2,2,5,2024-07-03,2289.66,USD,Transaction description 101,2026-02-01T00:44:02.292435
102,10,31,2,2024-01-21,5409.41,USD,Transaction description 102,2026-02-01T00:44:02.292437
103,16,4,3,2024-02-26,3851.73,EUR,Transaction description 103,2026-02-01T00:44:02.292440
104,7,1,2,2024-01-03,578.27,GBP,Transaction description 104,2026-02-01T00:44:02.292442
105,10,26,1,2024-08-05,-2341.63,GBP,Transaction description 105,2026-02-01T00:44:02.292444
106,4,20,4,2024-05-24,8224.15,USD,Transaction description 106,2026-02-01T00:44:02.292446
107,7,32,1,2024-02-04,-189.79,GBP,Transaction description 107,2026-02-01T00:44:02.292448
108,3,37,3,2024-07-25,7319.96,USD,Transaction description 108,2026-02-01T00:44:02.292451
109,6,5,2,2024-02-19,-1575.33,GBP,Transaction description 109,2026-02-01T00:44:02.292453
110,1,39,5,2024-09-12,-3261.87,USD,Transaction description 110,2026-02-01T00:44:02.292455
111,20,34,2,2024-04-09,1298.56,EUR,Transaction description 111,2026-02-01T00:44:02.292458
112,9,47,2,2024-07-01,-2157.6,USD,Transaction description 112,2026-02-01T00:44:02.292460
113,20,16,5,2024-05-27,-1651.78,EUR,Transaction description 113,2026-02-01T00:44:02.292462
114,1,48,4,2024-08-20,3658.34,GBP,Transaction description 114,2026-02-01T00:44:02.292465
115,16,21,2,2024-11-10,2082.88,USD,Transaction description 115,2026-02-01T00:44:02.292467
116,15,42,3,2024-01-22,2980.17,EUR,Transaction description 116,2026-02-01T00:44:02.292469
117,17,28,3,2024-03-06,-9779.12,GBP,Transaction description 117,2026-02-01T00:44:02.292471
118,11,36,1,2024-09-09,-2343.55,GBP,Transaction description 118,2026-02-01T00:44:02.292473
119,12,39,2,2024-09-01,-8023.37,USD,Transaction description 119,2026-02-01T00:44:02.292476
120,4,15,3,2024-12-31,-5188.92,USD,Transaction description 120,2026-02-01T00:44:02.292478
121,20,7,2,2024-11-07,-6682.29,USD,Transaction description 121,2026-02-01T00:44:02.292480
122,1,34,2,2024-01-17,-87.09,USD,Transaction description 122,2026-02-01T00:44:02.292482
123,19,31,3,2024-04-29,-2210.15,EUR,Transaction description 123,2026-02-01T00:44:02.292485
124,5,42,1,2024-04-22,-9151.84,GBP,Transaction description 124,2026-02-01T00:44:02.292487
125,14,9,1,2024-09-18,-6934.65,GBP,Transaction description 125,2026-02-01T00:44:02.292489
126,15,34,5,2024-01-11,7549.66,USD,Transaction description 126,2026-02-01T00:44:02.292491
127,19,19,5,2024-01-04,-8158.31,EUR,Transaction description 127,2026-02-01T00:44:02.292494
128,15,20,5,2024-02-03,7180.09,GBP,Transaction description 128,2026-02-01T00:44:02.292497
129,2,31,5,2024-05-25,434.82,EUR,Transaction description 129,2026-02-01T00:44:02.292499
130,6,20,2,2024-02-19,2231.59,USD,Transaction description 130,2026-02-01T00:44:02.292502
131,18,24,1,2024-06-01,8049.54,EUR,Transaction description 131,2026-02-01T00:44:02.292504
132,13,42,2,2024-05-29,443.39,EUR,Transaction description 132,2026-02-01T00:44:02.292506
133,18,7,4,2024-12-10,679.62,GBP,Transaction description 133,2026-02-01T00:44:02.292508
134,19,47,2,2024-10-13,5204.53,EUR,Transaction description 134,2026-02-01T00:44:02.292511
135,8,38,1,2024-01-05,-9994.87,EUR,Transaction description 135,2026-02-01T00:44:02.292513
136,12,43,1,2024-05-17,4456.38,USD,Transaction description 136,2026-02-01T00:44:02.292515
137,18,12,5,2024-08-13,-3520.2,GBP,Transaction description 137,2026-02-01T00:44:02.292517
138,10,19,1,2024-10-30,9100.85,EUR,Transaction description 138,2026-02-01T00:44:02.292519
139,15,21,1,2024-08-30,3123.98,EUR,Transaction description 139,2026-02-01T00:44:02.292522
140,16,28,3,2024-11-09,-3633.02,USD,Transaction description 140,2026-02-01T00:44:02.292524
141,10,42,1,2024-12-30,-5155.65,USD,Transaction description 141,2026-02-01T00:44:02.292526
142,6,28,4,2024-09-07,2747.82,GBP,Transaction description 142,2026-02-01T00:44:02.292528
143,4,49,2,2024-05-07,-8843.84,GBP,Transaction description 143,2026-02-01T00:44:02.292531
144,13,16,1,2024-04-21,7907.69,GBP,Transaction description 144,2026-02-01T00:44:02.292533
145,14,15,1,2024-09-18,8865.87,USD,Transaction description 145,2026-02-01T00:44:02.292535
146,3,32,2,2024-11-20,-7729.56,GBP,Transaction description 146,2026-02-01T00:44:02.292537
147,6,27,4,2024-11-09,4410.86,EUR,Transaction description 147,2026-02-01T00:44:02.292540
148,12,31,2,2024-09-28,-7549.63,GBP,Transaction description 148,2026-02-01T00:44:02.292542
149,4,11,1,2024-06-05,-6918.26,USD,Transaction description 149,2026-02-01T00:44:02.292544
150,4,50,1,2024-03-08,-2360.06,EUR,Transaction description 150,2026-02-01T00:44:02.292546
151,4,16,4,2024-06-25,-480.83,USD,Transaction description 151,2026-02-01T00:44:02.292549
152,17,28,3,2024-01-29,3340.77,EUR,Transaction description 152,2026-02-01T00:44:02.292551
153,8,45,2,2024-07-25,-5920.38,USD,Transaction description 153,2026-02-01T00:44:02.292553
154,13,48,5,2024-01-02,4342.37,USD,Transaction description 154,2026-02-01T00:44:02.292555
155,10,47,2,2024-12-08,-505.45,USD,Transaction description 155,2026-02-01T00:44:02.292557
156,3,37,4,2024-05-11,8348.47,GBP,Transaction description 156,2026-02-01T00:44:02.292560
157,19,32,3,2024-10-13,7996.73,USD,Transaction description 157,2026-02-01T00:44:02.292562
158,8,49,5,2024-12-02,1677.78,USD,Transaction description 158,2026-02-01T00:44:02.292564
159,16,22,1,2024-10-13,-3369.29,GBP,Transaction description 159,2026-02-01T00:44:02.292566
160,9,40,5,2024-05-15,9540.01,USD,Transaction description 160,2026-02-01T00:44:02.292568
161,9,19,2,2024-06-26,5090.41,EUR,Transaction description 161,2026-02-01T00:44:02.292572
162,19,45,4,2024-10-05,-2747.14,EUR,Transaction description 162,2026-02-01T00:44:02.292574
163,7,41,5,2024-05-16,-9515.86,USD,Transaction description 163,2026-02-01T00:44:02.292576
164,5,47,4,2024-10-17,-1974.63,GBP,Transaction description 164,2026-02-01T00:44:02.292578
165,1,4,3,2024-08-21,8351.25,EUR,Transaction description 165,2026-02-01T00:44:02.292580
166,19,5,4,2024-09-30,9282.54,GBP,Transaction description 166,2026-02-01T00:44:02.292583
167,12,48,4,2024-02-14,-1688.26,GBP,Transaction description 167,2026-02-01T00:44:02.292585
168,4,23,4,2024-12-25,-4785.78,EUR,Transaction description 168,2026-02-01T00:44:02.292587
169,4,8,1,2024-08-31,-2520.64,USD,Transaction description 169,2026-02-01T00:44:02.292589
170,11,22,1,2024-02-13,-2805.27,GBP,Transaction description 170,2026-02-01T00:44:02.292592
171,4,42,3,2024-04-02,-2629.04,GBP,Transaction description 171,2026-02-01T00:44:02.292594
172,15,13,4,2024-09-24,9028.52,USD,Transaction description 172,2026-02-01T00:44:02.292596
173,20,11,3,2024-02-21,-971.42,USD,Transaction description 173,2026-02-01T00:44:02.292598
174,13,8,4,2024-09-27,2282.35,GBP,Transaction description 174,2026-02-01T00:44:02.292601
175,17,16,5,2024-04-12,-9732.13,USD,Transaction description 175,2026-02-01T00:44:02.292603
176,3,27,5,2024-04-26,8136.22,GBP,Transaction description 176,2026-02-01T00:44:02.292605
177,15,21,3,2024-08-05,1852.79,USD,Transaction description 177,2026-02-01T00:44:02.292607
178,15,20,5,2024-01-03,-5240.65,GBP,Transaction description 178,2026-02-01T00:44:02.292610
179,15,50,4,2024-05-04,-2871.19,EUR,Transaction description 179,2026-02-01T00:44:02.292612
180,13,3,3,2024-07-26,9740.83,GBP,Transaction description 180,2026-02-01T00:44:02.292614
181,12,22,2,2024-02-24,-6920.24,EUR,Transaction description 181,2026-02-01T00:44:02.292616
182,17,38,2,2024-03-14,9453.47,GBP,Transaction description 182,2026-02-01T00:44:02.292619
183,4,6,4,2024-01-20,-2268.9,EUR,Transaction description 183,2026-02-01T00:44:02.292621
184,15,40,4,2024-09-13,8779.6,EUR,Transaction description 184,2026-02-01T00:44:02.292623
185,19,6,2,2024-05-24,2072.67,EUR,Transaction description 185,2026-02-01T00:44:02.292625
186,4,20,5,2024-06-22,992.23,GBP,Transaction description 186,2026-02-01T00:44:02.292628
187,11,19,2,2024-10-21,-7933.57,USD,Transaction description 187,2026-02-01T00:44:02.292630
188,8,32,4,2024-12-02,426.67,GBP,Transaction description 188,2026-02-01T00:44:02.292632
189,20,9,3,2024-02-04,1680.95,GBP,Transaction description 189,2026-02-01T00:44:02.292634
190,1,18,3,2024-06-13,773.2,GBP,Transaction description 190,2026-02-01T00:44:02.292636
191,13,48,1,2024-01-20,-2339.76,GBP,Transaction description 191,2026-02-01T00:44:02.292639
192,15,24,2,2024-01-05,-4159.93,GBP,Transaction description 192,2026-02-01T00:44:02.292641
193,2,21,3,2024-06-21,-4845.23,USD,Transaction description 193,2026-02-01T00:44:02.292643
194,4,50,5,2024-07-19,1376.86,GBP,Transaction description 194,2026-02-01T00:44:02.292645
195,9,45,5,2024-11-18,125.39,GBP,Transaction description 195,2026-02-01T00:44:02.292647
196,20,10,3,2024-01-14,-185.9,EUR,Transaction description 196,2026-02-01T00:44:02.292650
197,17,45,2,2024-11-26,9756.1,GBP,Transaction description 197,2026-02-01T00:44:02.292653
198,1,1,3,2024-08-28,-4531.12,USD,Transaction description 198,2026-02-01T00:44:02.292655
199,20,19,4,2024-06-21,2722.1,EUR,Transaction description 199,2026-02-01T00:44:02.292657
200,14,27,5,2024-07-16,-1232.09,GBP,Transaction description 200,2026-02-01T00:44:02.292660
201,10,3,1,2024-09-10,-2392.68,GBP,Transaction description 201,2026-02-01T00:44:02.292662
202,15,38,2,2024-12-13,-3926.95,GBP,Transaction description 202,2026-02-01T00:44:02.292664
203,11,49,4,2024-09-23,-3114.37,EUR,Transaction description 203,2026-02-01T00:44:02.292666
204,6,50,5,2024-01-14,3473.61,EUR,Transaction description 204,2026-02-01T00:44:02.292668
205,3,14,4,2024-10-06,-9632.09,EUR,Transaction description 205,2026-02-01T00:44:02.292671
206,7,29,4,2024-05-07,9799.04,USD,Transaction description 206,2026-02-01T00:44:02.292673
207,13,34,4,2024-12-23,2784.12,USD,Transaction description 207,2026-02-01T00:44:02.292675
208,18,44,2,2024-09-16,7981.56,EUR,Transaction description 208,2026-02-01T00:44:02.292677
209,2,21,2,2024-04-11,-4929.19,USD,Transaction description 209,2026-02-01T00:44:02.292679
210,7,17,2,2024-09-15,-2148.3,GBP,Transaction description 210,2026-02-01T00:44:02.292682
211,16,36,5,2024-07-04,-8935.68,EUR,Transaction description 211,2026-02-01T00:44:02.292684
212,12,17,4,2024-12-26,2022.88,EUR,Transaction description 212,2026-02-01T00:44:02.292686
213,2,23,3,2024-03-09,-3007.14,GBP,Transaction description 213,2026-02-01T00:44:02.292688
214,5,41,2,2024-04-18,4440.77,GBP,Transaction description 214,2026-02-01T00:44:02.292690
215,8,29,4,2024-04-24,713.26,USD,Transaction description 215,2026-02-01T00:44:02.292693
216,4,25,1,2024-02-07,2721.07,USD,Transaction description 216,2026-02-01T00:44:02.292695
217,8,47,1,2024-07-05,-6689.74,GBP,Transaction description 217,2026-02-01T00:44:02.292697
218,19,6,3,2024-03-28,1021.65,USD,Transaction description 218,2026-02-01T00:44:02.292699
219,17,9,3,2024-11-27,-9674.04,EUR,Transaction description 219,2026-02-01T00:44:02.292701
220,19,14,4,2024-07-26,3349.81,GBP,Transaction description 220,2026-02-01T00:44:02.292704
221,11,48,3,2024-05-12,7165.78,EUR,Transaction description 221,2026-02-01T00:44:02.292706
222,14,23,3,2024-05-15,-930.28,GBP,Transaction description 222,2026-02-01T00:44:02.292708
223,14,31,5,2024-08-03,-1508.07,GBP,Transaction description 223,2026-02-01T00:44:02.292710
224,3,14,5,2024-05-17,-9491.77,USD,Transaction description 224,2026-02-01T00:44:02.292713
225,5,43,2,2024-10-29,6167.27,GBP,Transaction description 225,2026-02-01T00:44:02.292715
226,7,7,1,2024-08-30,51.04,USD,Transaction description 226,2026-02-01T00:44:02.292717
227,4,3,2,2024-04-08,-7204.99,GBP,Transaction description 227,2026-02-01T00:44:02.292719
228,2,12,4,2024-07-12,2394.67,USD,Transaction description 228,2026-02-01T00:44:02.292722
229,6,11,2,2024-12-27,-4731.39,GBP,Transaction description 229,2026-02-01T00:44:02.292724
230,9,20,2,2024-12-04,9931.26,EUR,Transaction description 230,2026-02-01T00:44:02.292726
231,20,48,1,2024-01-05,9966.75,USD,Transaction description 231,2026-02-01T00:44:02.292728
232,19,18,1,2024-11-22,-4210.57,GBP,Transaction description 232,2026-02-01T00:44:02.292731
233,20,5,3,2024-12-09,9050.49,USD,Transaction description 233,2026-02-01T00:44:02.292733
234,6,11,1,2024-08-07,-4728.67,EUR,Transaction description 234,2026-02-01T00:44:02.292736
235,9,42,1,2024-05-29,-6278.44,GBP,Transaction description 235,2026-02-01T00:44:02.292739
236,6,31,5,2024-10-29,-5991.04,USD,Transaction description 236,2026-02-01T00:44:02.292741
237,1,50,1,2024-04-23,1573.45,EUR,Transaction description 237,2026-02-01T00:44:02.292743
238,10,8,2,2024-01-24,-7180.44,USD,Transaction description 238,2026-02-01T00:44:02.292746
239,15,24,4,2024-01-04,3811.71,GBP,Transaction description 239,2026-02-01T00:44:02.292748
240,3,49,2,2024-03-03,1477.84,EUR,Transaction description 240,2026-02-01T00:44:02.292750
241,2,30,1,2024-04-05,-4994.29,USD,Transaction description 241,2026-02-01T00:44:02.292752
242,9,15,4,2024-12-21,504.65,GBP,Transaction description 242,2026-02-01T00:44:02.292754
243,20,50,4,2024-12-04,4800.98,EUR,Transaction description 243,2026-02-01T00:44:02.292756
244,17,39,4,2024-11-16,-4695.18,EUR,Transaction description 244,2026-02-01T00:44:02.292759
245,4,17,5,2024-01-23,-7664.62,USD,Transaction description 245,2026-02-01T00:44:02.292761
246,5,42,4,2024-03-12,1872.73,GBP,Transaction description 246,2026-02-01T00:44:02.292763
247,11,46,4,2024-12-23,7683.59,GBP,Transaction description 247,2026-02-01T00:44:02.292765
248,18,5,3,2024-10-03,7823.02,USD,Transaction description 248,2026-02-01T00:44:02.292768
249,14,19,1,2024-09-06,-6634.82,GBP,Transaction description 249,2026-02-01T00:44:02.292770
250,8,37,5,2024-02-16,9018.75,GBP,Transaction description 250,2026-02-01T00:44:02.292772
251,17,29,1,2024-10-20,-5527.86,EUR,Transaction description 251,2026-02-01T00:44:02.292774
252,6,22,1,2024-06-22,-9199.07,GBP,Transaction description 252,2026-02-01T00:44:02.292777
253,14,33,5,2024-10-14,1492.59,EUR,Transaction description 253,2026-02-01T00:44:02.292779
254,4,3,5,2024-12-24,2636.0,EUR,Transaction description 254,2026-02-01T00:44:02.292782
255,20,26,1,2024-07-06,-1251.49,USD,Transaction description 255,2026-02-01T00:44:02.292785
256,15,9,4,2024-03-31,-1649.49,EUR,Transaction description 256,2026-02-01T00:44:02.292787
257,6,45,4,2024-12-06,-5909.03,EUR,Transaction description 257,2026-02-01T00:44:02.292789
258,4,16,5,2024-03-26,-5469.4,USD,Transaction description 258,2026-02-01T00:44:02.292791
259,14,5,5,2024-09-02,-9779.64,EUR,Transaction description 259,2026-02-01T00:44:02.292794
260,19,8,2,2024-10-25,-7987.98,USD,Transaction description 260,2026-02-01T00:44:02.292796
261,15,48,2,2024-12-08,6231.08,GBP,Transaction description 261,2026-02-01T00:44:02.292798
262,19,30,3,2024-05-30,-4176.91,EUR,Transaction description 262,2026-02-01T00:44:02.292800
263,17,45,1,2024-01-16,-6551.87,GBP,Transaction description 263,2026-02-01T00:44:02.292803
264,10,47,4,2024-07-28,979.34,USD,Transaction description 264,2026-02-01T00:44:02.292805
265,7,48,4,2024-03-04,-1827.69,USD,Transaction description 265,2026-02-01T00:44:02.292807
266,8,21,5,2024-08-31,-9459.23,GBP,Transaction description 266,2026-02-01T00:44:02.292809
267,13,6,1,2024-05-11,-6638.36,GBP,Transaction description 267,2026-02-01T00:44:02.292812
268,11,4,2,2024-02-08,9895.97,USD,Transaction description 268,2026-02-01T00:44:02.292814
269,20,26,2,2024-11-13,2179.03,USD,Transaction description 269,2026-02-01T00:44:02.292816
270,19,50,1,2024-03-23,-6474.66,USD,Transaction description 270,2026-02-01T00:44:02.292818
271,4,46,1,2024-12-01,-8390.32,EUR,Transaction description 271,2026-02-01T00:44:02.292820
272,4,1,5,2024-10-01,-802.87,USD,Transaction description 272,2026-02-01T00:44:02.292823
273,16,30,2,2024-06-17,-6187.93,USD,Transaction description 273,2026-02-01T00:44:02.292825
274,17,47,3,2024-10-29,8419.49,USD,Transaction description 274,2026-02-01T00:44:02.292827
275,18,49,1,2024-02-22,-4584.36,EUR,Transaction description 275,2026-02-01T00:44:02.292829
276,16,18,1,2024-06-17,5361.53,GBP,Transaction description 276,2026-02-01T00:44:02.292831
277,2,19,4,2024-08-20,5067.94,GBP,Transaction description 277,2026-02-01T00:44:02.292834
278,10,24,1,2024-09-20,5646.14,GBP,Transaction description 278,2026-02-01T00:44:02.292836
279,17,19,5,2024-06-06,374.71,EUR,Transaction description 279,2026-02-01T00:44:02.292838
280,15,22,5,2024-11-16,1911.62,USD,Transaction description 280,2026-02-01T00:44:02.292840
281,12,15,2,2024-09-08,-9060.5,GBP,Transaction description 281,2026-02-01T00:44:02.292842
282,10,41,2,2024-02-07,3709.41,EUR,Transaction description 282,2026-02-01T00:44:02.292845
283,7,2,3,2024-11-23,5872.52,GBP,Transaction description 283,2026-02-01T00:44:02.292847
284,16,8,4,2024-03-18,-3419.35,GBP,Transaction description 284,2026-02-01T00:44:02.292849
285,3,46,2,2024-05-06,-7162.5,GBP,Transaction description 285,2026-02-01T00:44:02.292851
286,5,10,1,2024-12-05,-9902.84,USD,Transaction description 286,2026-02-01T00:44:02.292854
287,2,46,3,2024-07-23,-1539.3,USD,Transaction description 287,2026-02-01T00:44:02.292856
288,18,45,5,2024-10-02,-5818.93,USD,Transaction description 288,2026-02-01T00:44:02.292858
289,3,13,5,2024-03-03,8633.04,EUR,Transaction description 289,2026-02-01T00:44:02.292860
290,19,32,5,2024-08-26,615.67,EUR,Transaction description 290,2026-02-01T00:44:02.292863
291,17,14,1,2024-12-26,-6819.85,GBP,Transaction description 291,2026-02-01T00:44:02.292865
292,9,10,2,2024-10-23,9972.6,USD,Transaction description 292,2026-02-01T00:44:02.292867
293,8,17,3,2024-07-31,-1657.97,GBP,Transaction description 293,2026-02-01T00:44:02.292869
294,20,26,5,2024-02-28,-8299.87,GBP,Transaction description 294,2026-02-01T00:44:02.292872
295,13,13,3,2024-02-29,9564.5,EUR,Transaction description 295,2026-02-01T00:44:02.292875
296,17,12,2,2024-09-08,340.05,GBP,Transaction description 296,2026-02-01T00:44:02.292877
297,6,43,4,2024-10-10,6174.45,EUR,Transaction description 297,2026-02-01T00:44:02.292879
298,17,43,1,2024-07-09,-2867.81,USD,Transaction description 298,2026-02-01T00:44:02.292881
299,3,40,4,2024-04-20,-8586.89,GBP,Transaction description 299,2026-02-01T00:44:02.292883
300,18,5,4,2024-05-07,-5091.76,GBP,Transaction description 300,2026-02-01T00:44:02.292886
301,11,17,5,2024-07-31,-9589.85,USD,Transaction description 301,2026-02-01T00:44:02.292888
302,7,22,5,2024-05-24,-3541.83,EUR,Transaction description 302,2026-02-01T00:44:02.292890
303,15,10,5,2024-06-02,-7247.56,USD,Transaction description 303,2026-02-01T00:44:02.292892
304,6,10,2,2024-01-16,-784.3,EUR,Transaction description 304,2026-02-01T00:44:02.292895
305,15,37,2,2024-12-27,8901.53,USD,Transaction description 305,2026-02-01T00:44:02.292897
306,2,28,4,2024-11-06,-494.13,EUR,Transaction description 306,2026-02-01T00:44:02.292899
307,5,30,4,2024-10-17,1042.58,EUR,Transaction description 307,2026-02-01T00:44:02.292901
308,16,5,5,2024-02-22,-248.07,EUR,Transaction description 308,2026-02-01T00:44:02.292903
309,17,37,5,2024-12-12,-7538.73,USD,Transaction description 309,2026-02-01T00:44:02.292906
310,19,50,2,2024-03-17,174.16,USD,Transaction description 310,2026-02-01T00:44:02.292909
311,16,1,5,2024-02-27,1595.15,EUR,Transaction description 311,2026-02-01T00:44:02.292912
312,20,34,5,2024-09-22,-8246.86,GBP,Transaction description 312,2026-02-01T00:44:02.292914
313,8,40,5,2024-02-22,-6562.27,GBP,Transaction description 313,2026-02-01T00:44:02.292916
314,4,26,5,2024-03-29,4272.12,EUR,Transaction description 314,2026-02-01T00:44:02.292918
315,19,37,5,2024-07-19,-4666.38,EUR,Transaction description 315,2026-02-01T00:44:02.292921
316,5,11,3,2024-08-05,-6880.75,EUR,Transaction description 316,2026-02-01T00:44:02.292923
317,18,9,2,2024-10-30,4794.16,GBP,Transaction description 317,2026-02-01T00:44:02.292925
318,1,5,1,2024-08-31,8569.92,USD,Transaction description 318,2026-02-01T00:44:02.292927
319,2,3,4,2024-10-20,-4064.28,GBP,Transaction description 319,2026-02-01T00:44:02.292930
320,16,31,4,2024-06-22,-5449.96,GBP,Transaction description 320,2026-02-01T00:44:02.292932
321,15,26,5,2024-05-02,-6393.5,GBP,Transaction description 321,2026-02-01T00:44:02.292934
322,13,17,3,2024-03-18,195.75,USD,Transaction description 322,2026-02-01T00:44:02.292937
323,15,15,3,2024-02-25,-6969.82,USD,Transaction description 323,2026-02-01T00:44:02.292939
324,14,47,1,2024-10-11,5344.92,USD,Transaction description 324,2026-02-01T00:44:02.292941
325,12,40,4,2024-09-08,7998.08,GBP,Transaction description 325,2026-02-01T00:44:02.292943
326,18,18,2,2024-08-26,-5597.85,USD,Transaction description 326,2026-02-01T00:44:02.292945
327,11,33,5,2024-01-17,-1115.8,GBP,Transaction description 327,2026-02-01T00:44:02.292947
328,10,25,2,2024-01-04,3800.19,GBP,Transaction description 328,2026-02-01T00:44:02.292950
329,9,21,1,2024-10-27,4245.23,EUR,Transaction description 329,2026-02-01T00:44:02.292953
330,1,21,1,2024-05-01,-7716.76,USD,Transaction description 330,2026-02-01T00:44:02.292955
331,4,47,2,2024-06-23,-2230.05,EUR,Transaction description 331,2026-02-01T00:44:02.292957
332,17,21,2,2024-11-09,1682.75,GBP,Transaction description 332,2026-02-01T00:44:02.292959
333,9,28,3,2024-12-14,-3221.59,EUR,Transaction description 333,2026-02-01T00:44:02.292961
334,8,46,3,2024-05-30,2397.94,EUR,Transaction description 334,2026-02-01T00:44:02.292963
335,9,46,3,2024-03-05,6067.98,GBP,Transaction description 335,2026-02-01T00:44:02.292966
336,8,46,2,2024-08-25,909.37,GBP,Transaction description 336,2026-02-01T00:44:02.292968
337,12,45,4,2024-07-26,7068.38,EUR,Transaction description 337,2026-02-01T00:44:02.292970
338,13,46,2,2024-02-15,6704.18,EUR,Transaction description 338,2026-02-01T00:44:02.292972
339,9,35,1,2024-09-20,2514.14,USD,Transaction description 339,2026-02-01T00:44:02.292975
340,19,7,5,2024-03-13,6109.35,EUR,Transaction description 340,2026-02-01T00:44:02.292977
341,8,36,3,2024-12-05,1509.71,USD,Transaction description 341,2026-02-01T00:44:02.292979
342,18,20,1,2024-05-22,5987.6,USD,Transaction description 342,2026-02-01T00:44:02.292981
343,12,41,5,2024-10-07,-8191.67,GBP,Transaction description 343,2026-02-01T00:44:02.292984
344,14,23,5,2024-01-29,5828.32,GBP,Transaction description 344,2026-02-01T00:44:02.292986
345,3,32,1,2024-08-30,1275.29,GBP,Transaction description 345,2026-02-01T00:44:02.292988
346,10,29,3,2024-09-23,8419.45,USD,Transaction description 346,2026-02-01T00:44:02.292990
347,8,31,4,2024-03-30,7826.16,USD,Transaction description 347,2026-02-01T00:44:02.292993
348,12,19,1,2024-04-10,3021.99,EUR,Transaction description 348,2026-02-01T00:44:02.292995
349,14,40,1,2024-01-12,8801.39,USD,Transaction description 349,2026-02-01T00:44:02.292997
350,1,39,4,2024-07-31,-5915.64,EUR,Transaction description 350,2026-02-01T00:44:02.292999
351,10,13,5,2024-11-17,9863.39,USD,Transaction description 351,2026-02-01T00:44:02.293002
352,10,8,5,2024-07-15,-2754.51,GBP,Transaction description 352,2026-02-01T00:44:02.293004
353,6,31,5,2024-11-21,-1460.27,GBP,Transaction description 353,2026-02-01T00:44:02.293006
354,16,3,3,2024-04-12,-9895.33,EUR,Transaction description 354,2026-02-01T00:44:02.293009
355,20,37,1,2024-05-01,-1021.34,EUR,Transaction description 355,2026-02-01T00:44:02.293012
356,15,3,2,2024-01-26,-8092.7,GBP,Transaction description 356,2026-02-01T00:44:02.293014
357,14,33,4,2024-05-28,-3484.31,GBP,Transaction description 357,2026-02-01T00:44:02.293016
358,2,31,2,2024-03-19,8741.01,EUR,Transaction description 358,2026-02-01T00:44:02.293018
359,6,15,5,2024-11-17,-5775.41,EUR,Transaction description 359,2026-02-01T00:44:02.293020
360,18,13,2,2024-02-04,3009.89,USD,Transaction description 360,2026-02-01T00:44:02.293023
361,1,9,3,2024-10-08,6543.53,USD,Transaction description 361,2026-02-01T00:44:02.293025
362,17,7,4,2024-10-03,1245.46,EUR,Transaction description 362,2026-02-01T00:44:02.293027
363,14,10,5,2024-12-20,-7901.17,GBP,Transaction description 363,2026-02-01T00:44:02.293029
364,7,9,1,2024-02-01,1852.0,USD,Transaction description 364,2026-02-01T00:44:02.293032
365,1,10,1,2024-11-12,-4631.6,GBP,Transaction description 365,2026-02-01T00:44:02.293034
366,5,38,5,2024-06-17,-9387.83,EUR,Transaction description 366,2026-02-01T00:44:02.293036
367,1,21,3,2024-10-26,785.53,USD,Transaction description 367,2026-02-01T00:44:02.293038
368,20,25,4,2024-08-18,868.07,GBP,Transaction description 368,2026-02-01T00:44:02.293041
369,8,44,4,2024-03-28,9146.63,USD,Transaction description 369,2026-02-01T00:44:02.293043
370,14,37,5,2024-10-04,6259.43,EUR,Transaction description 370,2026-02-01T00:44:02.293045
371,8,26,2,2024-10-06,-3411.97,USD,Transaction description 371,2026-02-01T00:44:02.293047
372,10,43,4,2024-03-12,4637.0,GBP,Transaction description 372,2026-02-01T00:44:02.293050
373,5,4,4,2024-09-04,4720.68,EUR,Transaction description 373,2026-02-01T00:44:02.293052
374,12,7,1,2024-09-09,9926.32,USD,Transaction description 374,2026-02-01T00:44:02.293054
375,4,4,3,2024-07-22,-1087.89,GBP,Transaction description 375,2026-02-01T00:44:02.293056
376,15,40,3,2024-08-12,-783.99,USD,Transaction description 376,2026-02-01T00:44:02.293058
377,4,41,4,2024-03-18,4591.34,EUR,Transaction description 377,2026-02-01T00:44:02.293061
378,1,25,5,2024-03-06,-349.93,GBP,Transaction description 378,2026-02-01T00:44:02.293064
379,13,12,3,2024-11-29,-3027.5,USD,Transaction description 379,2026-02-01T00:44:02.293066
380,9,18,5,2024-11-11,-4757.03,EUR,Transaction description 380,2026-02-01T00:44:02.293068
381,7,7,3,2024-04-03,308.79,GBP,Transaction description 381,2026-02-01T00:44:02.293071
382,8,28,1,2024-05-14,-8107.05,GBP,Transaction description 382,2026-02-01T00:44:02.293073
383,16,24,2,2024-02-02,-7702.72,EUR,Transaction description 383,2026-02-01T00:44:02.293075
384,20,3,2,2024-10-15,-2049.38,USD,Transaction description 384,2026-02-01T00:44:02.293077
385,10,17,5,2024-05-12,-7192.69,GBP,Transaction description 385,2026-02-01T00:44:02.293080
386,1,24,5,2024-07-23,3117.18,GBP,Transaction description 386,2026-02-01T00:44:02.293082
387,13,1,1,2024-08-25,-3208.34,USD,Transaction description 387,2026-02-01T00:44:02.293084
388,4,38,4,2024-08-02,-8269.3,EUR,Transaction description 388,2026-02-01T00:44:02.293087
389,10,3,3,2024-05-20,-8277.48,GBP,Transaction description 389,2026-02-01T00:44:02.293089
390,8,22,3,2024-11-15,525.53,EUR,Transaction description 390,2026-02-01T00:44:02.293091
391,5,4,5,2024-10-02,-4743.39,EUR,Transaction description 391,2026-02-01T00:44:02.293093
392,18,9,5,2024-09-07,-4785.81,EUR,Transaction description 392,2026-02-01T00:44:02.293095
393,15,5,1,2024-04-08,9078.85,EUR,Transaction description 393,2026-02-01T00:44:02.293097
394,6,34,4,2024-07-09,-5408.84,GBP,Transaction description 394,2026-02-01T00:44:02.293100
395,12,20,4,2024-05-13,-6713.68,EUR,Transaction description 395,2026-02-01T00:44:02.293102
396,3,48,1,2024-04-26,7913.01,GBP,Transaction description 396,2026-02-01T00:44:02.293104
397,3,5,5,2024-08-07,6893.54,USD,Transaction description 397,2026-02-01T00:44:02.293106
398,5,17,1,2024-10-09,5793.34,EUR,Transaction description 398,2026-02-01T00:44:02.293109
399,2,50,3,2024-09-14,-7074.89,USD,Transaction description 399,2026-02-01T00:44:02.293111
400,16,20,1,2024-05-15,3941.04,GBP,Transaction description 400,2026-02-01T00:44:02.293113
401,18,23,2,2024-11-14,-1381.77,USD,Transaction description 401,2026-02-01T00:44:02.293115
402,19,49,3,2024-10-21,-3111.01,USD,Transaction description 402,2026-02-01T00:44:02.293117
403,3,20,5,2024-03-24,7537.82,GBP,Transaction description 403,2026-02-01T00:44:02.293120
404,20,40,5,2024-08-31,4447.74,USD,Transaction description 404,2026-02-01T00:44:02.293122
405,18,22,3,2024-07-05,-5715.42,EUR,Transaction description 405,2026-02-01T00:44:02.293124
406,7,19,5,2024-08-15,-3933.09,EUR,Transaction description 406,2026-02-01T00:44:02.293126
407,18,3,3,2024-03-16,2291.84,EUR,Transaction description 407,2026-02-01T00:44:02.293128
408,19,5,4,2024-02-21,-9950.16,GBP,Transaction description 408,2026-02-01T00:44:02.293131
409,2,13,5,2024-09-18,-6822.7,GBP,Transaction description 409,2026-02-01T00:44:02.293133
410,3,5,2,2024-04-16,3677.39,USD,Transaction description 410,2026-02-01T00:44:02.293135
411,4,18,3,2024-01-06,-5253.24,GBP,Transaction description 411,2026-02-01T00:44:02.293138
412,10,42,1,2024-01-08,4859.62,USD,Transaction description 412,2026-02-01T00:44:02.293140
413,2,20,5,2024-04-22,6642.55,USD,Transaction description 413,2026-02-01T00:44:02.293142
414,14,46,4,2024-04-11,5967.35,EUR,Transaction description 414,2026-02-01T00:44:02.293145
415,8,50,3,2024-03-30,-3511.62,EUR,Transaction description 415,2026-02-01T00:44:02.293147
416,5,17,5,2024-10-29,-2653.55,USD,Transaction description 416,2026-02-01T00:44:02.293149
417,7,47,5,2024-07-08,-1422.52,USD,Transaction description 417,2026-02-01T00:44:02.293151
418,1,40,2,2024-02-23,7004.75,EUR,Transaction description 418,2026-02-01T00:44:02.293153
419,19,30,3,2024-04-04,3815.19,EUR,Transaction description 419,2026-02-01T00:44:02.293156
420,5,11,5,2024-03-20,-7459.3,USD,Transaction description 420,2026-02-01T00:44:02.293158
421,5,26,5,2024-07-26,6638.55,USD,Transaction description 421,2026-02-01T00:44:02.293160
422,11,47,4,2024-12-08,-4840.91,USD,Transaction description 422,2026-02-01T00:44:02.293162
423,5,22,3,2024-12-10,4154.96,GBP,Transaction description 423,2026-02-01T00:44:02.293164
424,14,24,4,2024-02-06,-179.96,USD,Transaction description 424,2026-02-01T00:44:02.293167
425,16,12,2,2024-12-08,9608.26,EUR,Transaction description 425,2026-02-01T00:44:02.293169
426,15,14,5,2024-03-05,2055.78,EUR,Transaction description 426,2026-02-01T00:44:02.293171
427,17,19,3,2024-01-07,-4768.21,GBP,Transaction description 427,2026-02-01T00:44:02.293173
428,8,42,5,2024-06-27,3110.13,EUR,Transaction description 428,2026-02-01T00:44:02.293175
429,7,37,3,2024-10-30,-2297.03,EUR,Transaction description 429,2026-02-01T00:44:02.293178
430,3,44,4,2024-01-02,4158.76,GBP,Transaction description 430,2026-02-01T00:44:02.293180
431,11,23,2,2024-03-06,-6748.67,EUR,Transaction description 431,2026-02-01T00:44:02.293182
432,7,2,3,2024-07-24,-8842.53,USD,Transaction description 432,2026-02-01T00:44:02.293184
433,13,12,4,2024-10-05,-661.85,GBP,Transaction description 433,2026-02-01T00:44:02.293187
434,13,8,1,2024-02-11,6278.59,USD,Transaction description 434,2026-02-01T00:44:02.293189
435,17,47,2,2024-10-22,4437.98,USD,Transaction description 435,2026-02-01T00:44:02.293191
436,2,39,1,2024-03-17,-2698.19,EUR,Transaction description 436,2026-02-01T00:44:02.293193
437,6,36,3,2024-07-10,2364.63,GBP,Transaction description 437,2026-02-01T00:44:02.293195
438,7,30,1,2024-10-26,19.64,EUR,Transaction description 438,2026-02-01T00:44:02.293197
439,19,31,4,2024-10-17,4480.67,GBP,Transaction description 439,2026-02-01T00:44:02.293200
440,9,50,5,2024-07-18,8548.75,USD,Transaction description 440,2026-02-01T00:44:02.293202
441,15,14,4,2024-11-19,639.98,GBP,Transaction description 441,2026-02-01T00:44:02.293204
442,11,18,4,2024-06-24,-1516.67,USD,Transaction description 442,2026-02-01T00:44:02.293206
443,18,23,2,2024-10-16,1981.31,GBP,Transaction description 443,2026-02-01T00:44:02.293208
444,7,37,3,2024-12-11,3258.91,GBP,Transaction description 444,2026-02-01T00:44:02.293211
445,3,16,3,2024-12-11,-1336.56,USD,Transaction description 445,2026-02-01T00:44:02.293214
446,16,26,1,2024-03-14,2631.54,EUR,Transaction description 446,2026-02-01T00:44:02.293216
447,13,23,2,2024-12-25,7.7,GBP,Transaction description 447,2026-02-01T00:44:02.293218
448,12,12,2,2024-11-12,-2958.3,USD,Transaction description 448,2026-02-01T00:44:02.293221
449,16,2,5,2024-10-17,-740.65,GBP,Transaction description 449,2026-02-01T00:44:02.293223
450,12,20,5,2024-10-10,192.04,USD,Transaction description 450,2026-02-01T00:44:02.293225
451,2,18,3,2024-10-14,-2180.8,GBP,Transaction description 451,2026-02-01T00:44:02.293227
452,3,33,2,2024-04-08,-1522.98,USD,Transaction description 452,2026-02-01T00:44:02.293230
453,11,25,3,2024-06-03,5779.93,GBP,Transaction description 453,2026-02-01T00:44:02.293232
454,12,45,2,2024-12-13,-5015.85,EUR,Transaction description 454,2026-02-01T00:44:02.293234
455,5,6,4,2024-08-13,-5275.07,EUR,Transaction description 455,2026-02-01T00:44:02.293236
456,2,1,1,2024-01-08,4012.61,EUR,Transaction description 456,2026-02-01T00:44:02.293238
457,12,8,2,2024-02-25,-4840.9,EUR,Transaction description 457,2026-02-01T00:44:02.293241
458,1,4,4,2024-06-19,-5854.87,USD,Transaction description 458,2026-02-01T00:44:02.293243
459,13,38,5,2024-11-04,7974.01,USD,Transaction description 459,2026-02-01T00:44:02.293245
460,4,43,3,2024-06-13,-2151.1,USD,Transaction description 460,2026-02-01T00:44:02.293248
461,4,47,2,2024-09-20,-1835.93,EUR,Transaction description 461,2026-02-01T00:44:02.293250
462,8,5,5,2024-01-24,-5206.16,USD,Transaction description 462,2026-02-01T00:44:02.293252
463,20,4,3,2024-02-05,639.37,EUR,Transaction description 463,2026-02-01T00:44:02.293254
464,20,17,1,2024-02-22,-9773.11,USD,Transaction description 464,2026-02-01T00:44:02.293256
465,1,23,2,2024-11-16,-2080.59,EUR,Transaction description 465,2026-02-01T00:44:02.293259
466,19,20,3,2024-06-05,7248.56,EUR,Transaction description 466,2026-02-01T00:44:02.293261
467,5,12,4,2024-01-17,6737.4,USD,Transaction description 467,2026-02-01T00:44:02.293263
468,12,44,5,2024-08-09,5380.85,USD,Transaction description 468,2026-02-01T00:44:02.293265
469,5,41,2,2024-02-04,8079.02,USD,Transaction description 469,2026-02-01T00:44:02.293268
470,1,40,3,2024-07-24,7759.08,EUR,Transaction description 470,2026-02-01T00:44:02.293270
471,8,25,2,2024-03-03,4968.14,USD,Transaction description 471,2026-02-01T00:44:02.293272
472,12,36,3,2024-06-10,-7998.63,EUR,Transaction description 472,2026-02-01T00:44:02.293274
473,18,17,2,2024-11-08,-7318.95,USD,Transaction description 473,2026-02-01T00:44:02.293277
474,12,3,2,2024-09-02,4857.15,GBP,Transaction description 474,2026-02-01T00:44:02.293279
475,9,33,2,2024-04-03,1260.08,EUR,Transaction description 475,2026-02-01T00:44:02.293281
476,6,7,2,2024-02-08,1756.98,EUR,Transaction description 476,2026-02-01T00:44:02.293283
477,10,14,2,2024-08-01,6740.94,USD,Transaction description 477,2026-02-01T00:44:02.293285
478,13,29,3,2024-12-18,-6394.2,USD,Transaction description 478,2026-02-01T00:44:02.293288
479,20,8,5,2024-07-02,-7206.85,EUR,Transaction description 479,2026-02-01T00:44:02.293290
480,16,49,4,2024-04-01,-6217.63,USD,Transaction description 480,2026-02-01T00:44:02.293292
481,10,20,4,2024-04-19,-6738.17,GBP,Transaction description 481,2026-02-01T00:44:02.293294
482,10,49,4,2024-08-26,-3162.31,USD,Transaction description 482,2026-02-01T00:44:02.293296
483,17,40,3,2024-09-05,-779.24,EUR,Transaction description 483,2026-02-01T00:44:02.293299
484,12,48,2,2024-07-15,-250.99,EUR,Transaction description 484,2026-02-01T00:44:02.293301
485,14,38,5,2024-09-14,-6805.99,EUR,Transaction description 485,2026-02-01T00:44:02.293303
486,20,21,4,2024-03-21,-7123.38,USD,Transaction description 486,2026-02-01T00:44:02.293305
487,16,20,1,2024-02-19,7787.98,USD,Transaction description 487,2026-02-01T00:44:02.293307
488,18,16,2,2024-12-05,6796.16,EUR,Transaction description 488,2026-02-01T00:44:02.293310
489,8,33,5,2024-11-09,5454.2,EUR,Transaction description 489,2026-02-01T00:44:02.293312
490,18,40,3,2024-09-23,2165.68,USD,Transaction description 490,2026-02-01T00:44:02.293314
491,15,36,1,2024-02-17,7721.92,GBP,Transaction description 491,2026-02-01T00:44:02.293317
492,10,35,2,2024-03-02,1437.8,GBP,Transaction description 492,2026-02-01T00:44:02.293319
493,10,30,3,2024-04-09,-780.66,GBP,Transaction description 493,2026-02-01T00:44:02.293321
494,17,8,5,2024-11-15,-6431.12,EUR,Transaction description 494,2026-02-01T00:44:02.293324
495,2,25,1,2024-09-02,4061.53,USD,Transaction description 495,2026-02-01T00:44:02.293327
496,8,24,2,2024-10-01,-3376.04,GBP,Transaction description 496,2026-02-01T00:44:02.293329
497,11,22,3,2024-04-06,-3282.12,GBP,Transaction description 497,2026-02-01T00:44:02.293331
498,6,36,2,2024-05-09,1438.38,EUR,Transaction description 498,2026-02-01T00:44:02.293334
499,4,42,5,2024-09-25,1189.52,USD,Transaction description 499,2026-02-01T00:44:02.293336
500,13,36,2,2024-04-20,-4200.54,GBP,Transaction description 500,2026-02-01T00:44:02.293338
501,12,9,4,2024-12-08,8155.64,GBP,Transaction description 501,2026-02-01T00:44:02.293340
502,15,16,2,2024-07-15,-4114.2,USD,Transaction description 502,2026-02-01T00:44:02.293343
503,3,13,1,2024-01-10,-8886.01,GBP,Transaction description 503,2026-02-01T00:44:02.293345
504,12,26,1,2024-08-27,8556.71,EUR,Transaction description 504,2026-02-01T00:44:02.293347
505,2,26,3,2024-08-07,-3955.97,GBP,Transaction description 505,2026-02-01T00:44:02.293349
506,3,15,2,2024-09-14,4905.46,USD,Transaction description 506,2026-02-01T00:44:02.293351
507,4,46,5,2024-05-19,9153.32,EUR,Transaction description 507,2026-02-01T00:44:02.293354
508,12,3,3,2024-05-31,2515.85,GBP,Transaction description 508,2026-02-01T00:44:02.293356
509,14,38,3,2024-02-14,4815.68,USD,Transaction description 509,2026-02-01T00:44:02.293358
510,11,13,4,2024-05-16,-4191.69,USD,Transaction description 510,2026-02-01T00:44:02.293361
511,15,27,1,2024-08-16,-7469.99,EUR,Transaction description 511,2026-02-01T00:44:02.293364
512,14,17,5,2024-10-26,-5782.59,GBP,Transaction description 512,2026-02-01T00:44:02.293366
513,6,37,3,2024-01-09,-3489.45,USD,Transaction description 513,2026-02-01T00:44:02.293368
514,3,19,5,2024-07-09,-3397.4,EUR,Transaction description 514,2026-02-01T00:44:02.293370
515,13,20,1,2024-01-17,7731.04,EUR,Transaction description 515,2026-02-01T00:44:02.293372
516,5,44,4,2024-11-20,7414.38,EUR,Transaction description 516,2026-02-01T00:44:02.293374
517,16,21,3,2024-08-09,5067.15,GBP,Transaction description 517,2026-02-01T00:44:02.293377
518,15,19,3,2024-03-13,8563.67,EUR,Transaction description 518,2026-02-01T00:44:02.293379
519,17,40,3,2024-10-10,-221.58,USD,Transaction description 519,2026-02-01T00:44:02.293381
520,12,32,3,2024-05-23,-4294.86,GBP,Transaction description 520,2026-02-01T00:44:02.293384
521,3,30,3,2024-02-07,-2717.25,USD,Transaction description 521,2026-02-01T00:44:02.293386
522,4,17,1,2024-04-09,-7663.08,EUR,Transaction description 522,2026-02-01T00:44:02.293388
523,2,37,4,2024-06-30,3888.8,GBP,Transaction description 523,2026-02-01T00:44:02.293390
524,15,45,2,2024-06-05,-2979.16,USD,Transaction description 524,2026-02-01T00:44:02.293392
525,17,5,5,2024-06-26,-7184.54,GBP,Transaction description 525,2026-02-01T00:44:02.293394
526,1,18,4,2024-08-09,4544.75,EUR,Transaction description 526,2026-02-01T00:44:02.293397
527,17,8,3,2024-07-04,-719.82,USD,Transaction description 527,2026-02-01T00:44:02.293399
528,1,32,2,2024-03-21,4671.77,GBP,Transaction description 528,2026-02-01T00:44:02.293403
529,10,8,5,2024-04-07,2563.07,GBP,Transaction description 529,2026-02-01T00:44:02.293405
530,5,46,5,2024-05-20,-7624.34,GBP,Transaction description 530,2026-02-01T00:44:02.293407
531,14,25,3,2024-08-11,294.21,EUR,Transaction description 531,2026-02-01T00:44:02.293409
532,17,11,3,2024-11-13,-2445.63,GBP,Transaction description 532,2026-02-01T00:44:02.293412
533,9,42,3,2024-01-19,4206.22,USD,Transaction description 533,2026-02-01T00:44:02.293414
534,14,15,3,2024-02-22,4533.81,EUR,Transaction description 534,2026-02-01T00:44:02.293416
535,8,48,1,2024-12-27,-2561.6,USD,Transaction description 535,2026-02-01T00:44:02.293418
536,7,2,1,2024-02-10,868.65,GBP,Transaction description 536,2026-02-01T00:44:02.293420
537,7,27,3,2024-12-27,3430.11,GBP,Transaction description 537,2026-02-01T00:44:02.293422
538,9,8,1,2024-05-07,6265.49,USD,Transaction description 538,2026-02-01T00:44:02.293424
539,15,35,2,2024-09-09,-220.65,USD,Transaction description 539,2026-02-01T00:44:02.293426
540,4,23,4,2024-12-11,-9335.71,GBP,Transaction description 540,2026-02-01T00:44:02.293429
541,2,41,3,2024-02-12,1356.79,EUR,Transaction description 541,2026-02-01T00:44:02.293431
542,14,49,4,2024-01-28,-7524.17,EUR,Transaction description 542,2026-02-01T00:44:02.293433
543,9,25,4,2024-11-15,3791.39,USD,Transaction description 543,2026-02-01T00:44:02.293435
544,16,42,3,2024-05-05,-2059.01,GBP,Transaction description 544,2026-02-01T00:44:02.293437
545,9,10,5,2024-01-15,-6409.95,USD,Transaction description 545,2026-02-01T00:44:02.293440
546,12,34,1,2024-07-25,7165.19,USD,Transaction description 546,2026-02-01T00:44:02.293442
547,19,22,5,2024-07-14,7046.81,GBP,Transaction description 547,2026-02-01T00:44:02.293444
548,2,22,3,2024-04-13,-6034.73,EUR,Transaction description 548,2026-02-01T00:44:02.293446
549,20,28,2,2024-05-10,-3935.71,USD,Transaction description 549,2026-02-01T00:44:02.293448
550,2,9,5,2024-08-20,-1028.25,USD,Transaction description 550,2026-02-01T00:44:02.293450
551,4,38,2,2024-09-15,-3643.64,USD,Transaction description 551,2026-02-01T00:44:02.293452
552,14,24,3,2024-07-19,-1764.61,USD,Transaction description 552,2026-02-01T00:44:02.293455
553,15,34,3,2024-05-02,-4431.0,GBP,Transaction description 553,2026-02-01T00:44:02.293457
554,12,42,4,2024-10-29,2454.93,EUR,Transaction description 554,2026-02-01T00:44:02.293459
555,11,25,5,2024-09-10,-3492.38,USD,Transaction description 555,2026-02-01T00:44:02.293461
556,6,44,4,2024-01-05,9324.12,EUR,Transaction description 556,2026-02-01T00:44:02.293463
557,6,44,4,2024-10-16,4940.75,GBP,Transaction description 557,2026-02-01T00:44:02.293465
558,16,42,1,2024-04-13,6036.91,EUR,Transaction description 558,2026-02-01T00:44:02.293468
559,12,17,3,2024-08-17,1710.27,GBP,Transaction description 559,2026-02-01T00:44:02.293470
560,17,37,4,2024-08-23,-7997.8,USD,Transaction description 560,2026-02-01T00:44:02.293472
561,1,37,4,2024-07-31,1490.16,EUR,Transaction description 561,2026-02-01T00:44:02.293474
562,20,48,3,2024-12-04,-4815.55,USD,Transaction description 562,2026-02-01T00:44:02.293476
563,5,42,2,2024-06-29,-3438.43,USD,Transaction description 563,2026-02-01T00:44:02.293478
564,2,29,1,2024-08-09,4229.25,USD,Transaction description 564,2026-02-01T00:44:02.293480
565,6,6,1,2024-11-20,1862.27,USD,Transaction description 565,2026-02-01T00:44:02.293483
566,5,20,3,2024-06-28,-1295.9,USD,Transaction description 566,2026-02-01T00:44:02.293485
567,6,22,1,2024-05-13,4874.3,USD,Transaction description 567,2026-02-01T00:44:02.293487
568,9,23,3,2024-09-13,-989.32,GBP,Transaction description 568,2026-02-01T00:44:02.293489
569,6,22,5,2024-09-25,-1707.67,USD,Transaction description 569,2026-02-01T00:44:02.293492
570,19,27,2,2024-08-06,2302.68,GBP,Transaction description 570,2026-02-01T00:44:02.293495
571,6,9,4,2024-12-13,7061.67,GBP,Transaction description 571,2026-02-01T00:44:02.293497
572,16,36,1,2024-02-03,-1689.96,USD,Transaction description 572,2026-02-01T00:44:02.293499
573,11,43,5,2024-07-06,-1492.77,USD,Transaction description 573,2026-02-01T00:44:02.293501
574,17,37,3,2024-03-02,6081.92,GBP,Transaction description 574,2026-02-01T00:44:02.293503
575,6,22,4,2024-10-16,-9035.76,USD,Transaction description 575,2026-02-01T00:44:02.293505
576,18,38,1,2024-12-16,6378.95,USD,Transaction description 576,2026-02-01T00:44:02.293507
577,3,16,5,2024-11-14,7495.14,USD,Transaction description 577,2026-02-01T00:44:02.293510
578,17,41,5,2024-08-21,6811.73,USD,Transaction description 578,2026-02-01T00:44:02.293512
579,17,25,1,2024-10-31,-6099.91,GBP,Transaction description 579,2026-02-01T00:44:02.293514
580,1,2,3,2024-10-12,402.48,GBP,Transaction description 580,2026-02-01T00:44:02.293516
581,19,14,1,2024-03-20,7275.58,USD,Transaction description 581,2026-02-01T00:44:02.293518
582,10,37,4,2024-08-31,-2776.53,USD,Transaction description 582,2026-02-01T00:44:02.293520
583,4,34,3,2024-12-12,-7478.93,USD,Transaction description 583,2026-02-01T00:44:02.293541
584,3,27,1,2024-06-29,-6352.19,EUR,Transaction description 584,2026-02-01T00:44:02.293544
585,13,7,3,2024-02-10,-5800.51,EUR,Transaction description 585,2026-02-01T00:44:02.293546
586,6,19,2,2024-10-17,-6459.28,GBP,Transaction description 586,2026-02-01T00:44:02.293548
587,4,47,4,2024-08-16,6758.84,USD,Transaction description 587,2026-02-01T00:44:02.293550
588,10,20,4,2024-05-27,8102.38,GBP,Transaction description 588,2026-02-01T00:44:02.293552
589,5,41,1,2024-02-09,9762.14,EUR,Transaction description 589,2026-02-01T00:44:02.293555
590,13,42,5,2024-05-09,5900.21,GBP,Transaction description 590,2026-02-01T00:44:02.293558
591,14,6,5,2024-08-09,3044.5,EUR,Transaction description 591,2026-02-01T00:44:02.293561
592,10,2,3,2024-11-23,216.78,USD,Transaction description 592,2026-02-01T00:44:02.293563
593,1,23,4,2024-05-08,-7836.81,EUR,Transaction description 593,2026-02-01T00:44:02.293566
594,9,48,3,2024-08-06,1073.69,USD,Transaction description 594,2026-02-01T00:44:02.293571
595,7,26,1,2024-04-09,-7771.82,GBP,Transaction description 595,2026-02-01T00:44:02.293573
596,5,37,2,2024-01-05,2002.04,GBP,Transaction description 596,2026-02-01T00:44:02.293575
597,2,32,4,2024-12-26,-5586.94,EUR,Transaction description 597,2026-02-01T00:44:02.293577
598,15,18,2,2024-06-26,-8826.67,USD,Transaction description 598,2026-02-01T00:44:02.293579
599,10,32,4,2024-12-03,-3461.01,GBP,Transaction description 599,2026-02-01T00:44:02.293582
600,17,43,5,2024-01-24,3778.94,USD,Transaction description 600,2026-02-01T00:44:02.293584
601,2,24,5,2024-10-10,-8096.8,EUR,Transaction description 601,2026-02-01T00:44:02.293586
602,8,29,1,2024-09-26,-9884.72,GBP,Transaction description 602,2026-02-01T00:44:02.293588
603,20,31,3,2024-04-04,-5427.17,USD,Transaction description 603,2026-02-01T00:44:02.293591
604,6,18,3,2024-04-19,2983.87,GBP,Transaction description 604,2026-02-01T00:44:02.293593
605,4,38,4,2024-10-30,7189.3,GBP,Transaction description 605,2026-02-01T00:44:02.293595
606,7,27,4,2024-08-18,3461.8,EUR,Transaction description 606,2026-02-01T00:44:02.293597
607,18,29,4,2024-05-25,9079.69,GBP,Transaction description 607,2026-02-01T00:44:02.293599
608,9,18,3,2024-05-31,-3500.83,USD,Transaction description 608,2026-02-01T00:44:02.293602
609,1,28,4,2024-03-15,-9103.41,EUR,Transaction description 609,2026-02-01T00:44:02.293604
610,5,31,3,2024-06-15,902.81,USD,Transaction description 610,2026-02-01T00:44:02.293606
611,8,29,3,2024-12-15,-3752.57,USD,Transaction description 611,2026-02-01T00:44:02.293621
612,2,43,5,2024-01-12,7380.45,GBP,Transaction description 612,2026-02-01T00:44:02.293623
613,20,12,3,2024-07-13,-471.28,USD,Transaction description 613,2026-02-01T00:44:02.293625
614,2,2,2,2024-01-10,4994.63,EUR,Transaction description 614,2026-02-01T00:44:02.293627
615,6,41,4,2024-11-10,5656.83,EUR,Transaction description 615,2026-02-01T00:44:02.293630
616,9,48,2,2024-06-23,-6795.41,GBP,Transaction description 616,2026-02-01T00:44:02.293632
617,4,16,2,2024-11-17,1738.45,EUR,Transaction description 617,2026-02-01T00:44:02.293634
618,20,13,1,2024-05-23,6785.14,EUR,Transaction description 618,2026-02-01T00:44:02.293636
619,16,46,3,2024-10-24,-9817.08,GBP,Transaction description 619,2026-02-01T00:44:02.293638
620,9,31,5,2024-02-18,6656.43,GBP,Transaction description 620,2026-02-01T00:44:02.293641
621,8,5,1,2024-04-23,-9710.08,GBP,Transaction description 621,2026-02-01T00:44:02.293643
622,5,11,1,2024-05-17,1903.67,GBP,Transaction description 622,2026-02-01T00:44:02.293645
623,15,5,1,2024-03-08,-4091.8,GBP,Transaction description 623,2026-02-01T00:44:02.293647
624,7,42,2,2024-09-08,-496.65,EUR,Transaction description 624,2026-02-01T00:44:02.293649
625,19,40,5,2024-08-23,-1487.63,GBP,Transaction description 625,2026-02-01T00:44:02.293651
626,3,37,1,2024-04-11,873.34,EUR,Transaction description 626,2026-02-01T00:44:02.293653
627,14,35,2,2024-06-20,8463.81,USD,Transaction description 627,2026-02-01T00:44:02.293656
628,12,39,5,2024-08-15,7895.25,EUR,Transaction description 628,2026-02-01T00:44:02.293658
629,12,2,5,2024-12-17,-6077.99,GBP,Transaction description 629,2026-02-01T00:44:02.293660
630,4,12,3,2024-04-02,-1810.76,EUR,Transaction description 630,2026-02-01T00:44:02.293662
631,16,33,3,2024-10-16,-8541.16,USD,Transaction description 631,2026-02-01T00:44:02.293664
632,3,26,5,2024-04-26,-2318.95,GBP,Transaction description 632,2026-02-01T00:44:02.293666
633,8,1,3,2024-05-11,-1990.05,USD,Transaction description 633,2026-02-01T00:44:02.293668
634,12,50,5,2024-02-14,2030.98,USD,Transaction description 634,2026-02-01T00:44:02.293670
635,5,39,3,2024-11-08,954.0,GBP,Transaction description 635,2026-02-01T00:44:02.293673
636,16,11,2,2024-02-24,8708.14,USD,Transaction description 636,2026-02-01T00:44:02.293675
637,7,17,5,2024-06-26,-7110.75,USD,Transaction description 637,2026-02-01T00:44:02.293677
638,10,35,2,2024-05-30,-4785.85,USD,Transaction description 638,2026-02-01T00:44:02.293679
639,20,20,5,2024-01-26,8183.43,GBP,Transaction description 639,2026-02-01T00:44:02.293681
640,7,32,1,2024-05-20,-6473.8,EUR,Transaction description 640,2026-02-01T00:44:02.293683
641,20,10,5,2024-07-06,-9035.96,EUR,Transaction description 641,2026-02-01T00:44:02.293685
642,13,3,2,2024-12-23,-42.38,EUR,Transaction description 642,2026-02-01T00:44:02.293688
643,12,5,3,2024-01-07,7108.95,GBP,Transaction description 643,2026-02-01T00:44:02.293690
644,15,5,3,2024-10-29,3319.3,USD,Transaction description 644,2026-02-01T00:44:02.293695
645,17,34,3,2024-10-13,1426.11,GBP,Transaction description 645,2026-02-01T00:44:02.293698
646,4,49,4,2024-05-27,7510.4,GBP,Transaction description 646,2026-02-01T00:44:02.293700
647,16,43,1,2024-11-24,515.97,USD,Transaction description 647,2026-02-01T00:44:02.293702
648,5,26,4,2024-11-30,7128.66,USD,Transaction description 648,2026-02-01T00:44:02.293704
649,20,49,2,2024-06-04,9683.59,USD,Transaction description 649,2026-02-01T00:44:02.293706
650,7,29,4,2024-10-31,-7995.14,USD,Transaction description 650,2026-02-01T00:44:02.293708
651,14,44,5,2024-11-03,-6854.87,USD,Transaction description 651,2026-02-01T00:44:02.293710
652,1,24,1,2024-07-02,2111.31,USD,Transaction description 652,2026-02-01T00:44:02.293713
653,14,37,5,2024-06-19,-2725.99,EUR,Transaction description 653,2026-02-01T00:44:02.293715
654,18,36,4,2024-01-28,5773.75,USD,Transaction description 654,2026-02-01T00:44:02.293717
655,19,45,5,2024-12-10,-9749.86,USD,Transaction description 655,2026-02-01T00:44:02.293719
656,9,45,4,2024-08-17,-7380.32,GBP,Transaction description 656,2026-02-01T00:44:02.293721
657,14,11,4,2024-03-19,4054.34,USD,Transaction description 657,2026-02-01T00:44:02.293723
658,11,36,1,2024-06-18,-2987.21,USD,Transaction description 658,2026-02-01T00:44:02.293726
659,8,21,5,2024-11-24,-357.27,USD,Transaction description 659,2026-02-01T00:44:02.293728
660,9,28,5,2024-07-20,-5795.21,USD,Transaction description 660,2026-02-01T00:44:02.293730
661,4,40,2,2024-01-02,-8717.67,EUR,Transaction description 661,2026-02-01T00:44:02.293732
662,15,50,5,2024-10-28,-6251.46,EUR,Transaction description 662,2026-02-01T00:44:02.293734
663,6,19,3,2024-12-07,5759.14,USD,Transaction description 663,2026-02-01T00:44:02.293736
664,17,41,1,2024-05-05,6284.57,EUR,Transaction description 664,2026-02-01T00:44:02.293739
665,15,25,1,2024-04-23,-5226.94,USD,Transaction description 665,2026-02-01T00:44:02.293741
666,1,34,4,2024-05-26,6651.68,GBP,Transaction description 666,2026-02-01T00:44:02.293743
667,13,2,4,2024-11-29,-5881.75,EUR,Transaction description 667,2026-02-01T00:44:02.293745
668,14,47,2,2024-02-10,-6298.79,GBP,Transaction description 668,2026-02-01T00:44:02.293747
669,5,39,2,2024-04-26,-1692.94,USD,Transaction description 669,2026-02-01T00:44:02.293754
670,6,11,5,2024-08-02,-1140.22,USD,Transaction description 670,2026-02-01T00:44:02.293757
671,18,48,5,2024-12-07,-7937.88,EUR,Transaction description 671,2026-02-01T00:44:02.293759
672,4,2,4,2024-05-02,-3722.41,GBP,Transaction description 672,2026-02-01T00:44:02.293761
673,2,31,3,2024-11-25,-319.65,USD,Transaction description 673,2026-02-01T00:44:02.293763
674,9,19,1,2024-06-18,-2059.63,GBP,Transaction description 674,2026-02-01T00:44:02.293766
675,19,48,3,2024-07-22,5605.94,EUR,Transaction description 675,2026-02-01T00:44:02.293768
676,4,10,5,2024-12-20,1237.06,USD,Transaction description 676,2026-02-01T00:44:02.293770
677,11,38,2,2024-07-13,2307.49,USD,Transaction description 677,2026-02-01T00:44:02.293772
678,8,20,2,2024-04-17,-3000.58,USD,Transaction description 678,2026-02-01T00:44:02.293774
679,8,15,1,2024-10-09,8979.55,GBP,Transaction description 679,2026-02-01T00:44:02.293776
680,14,39,5,2024-08-24,-5395.21,USD,Transaction description 680,2026-02-01T00:44:02.293779
681,4,31,1,2024-07-01,2617.23,USD,Transaction description 681,2026-02-01T00:44:02.293781
682,2,49,1,2024-10-11,49.65,EUR,Transaction description 682,2026-02-01T00:44:02.293783
683,7,1,3,2024-04-08,4459.42,GBP,Transaction description 683,2026-02-01T00:44:02.293785
684,7,26,1,2024-12-23,838.83,GBP,Transaction description 684,2026-02-01T00:44:02.293787
685,8,11,2,2024-07-07,6343.4,EUR,Transaction description 685,2026-02-01T00:44:02.293789
686,5,34,1,2024-03-20,6521.83,EUR,Transaction description 686,2026-02-01T00:44:02.293791
687,7,4,2,2024-03-16,1439.31,EUR,Transaction description 687,2026-02-01T00:44:02.293794
688,6,28,3,2024-07-17,-6673.0,EUR,Transaction description 688,2026-02-01T00:44:02.293796
689,12,32,5,2024-02-10,248.12,GBP,Transaction description 689,2026-02-01T00:44:02.293798
690,2,39,1,2024-09-20,-5475.53,USD,Transaction description 690,2026-02-01T00:44:02.293800
691,13,4,1,2024-12-09,-4457.81,USD,Transaction description 691,2026-02-01T00:44:02.293802
692,3,46,3,2024-12-13,-8617.52,USD,Transaction description 692,2026-02-01T00:44:02.293804
693,12,36,2,2024-05-16,-2657.48,USD,Transaction description 693,2026-02-01T00:44:02.293806
694,19,46,2,2024-06-23,-5129.89,EUR,Transaction description 694,2026-02-01T00:44:02.293810
695,12,14,2,2024-03-18,1409.19,USD,Transaction description 695,2026-02-01T00:44:02.293812
696,14,7,2,2024-06-26,-3153.91,USD,Transaction description 696,2026-02-01T00:44:02.293814
697,9,21,3,2024-02-21,-9272.73,GBP,Transaction description 697,2026-02-01T00:44:02.293816
698,6,22,3,2024-04-19,-6141.91,USD,Transaction description 698,2026-02-01T00:44:02.293818
699,13,16,1,2024-06-04,-7310.42,USD,Transaction description 699,2026-02-01T00:44:02.293820
700,16,48,1,2024-01-10,-6780.64,USD,Transaction description 700,2026-02-01T00:44:02.293822
701,16,40,1,2024-02-04,510.26,USD,Transaction description 701,2026-02-01T00:44:02.293824
702,9,38,3,2024-02-09,2205.16,EUR,Transaction description 702,2026-02-01T00:44:02.293827
703,4,4,4,2024-11-15,8340.78,EUR,Transaction description 703,2026-02-01T00:44:02.293829
704,7,39,2,2024-04-26,-8210.57,USD,Transaction description 704,2026-02-01T00:44:02.293831
705,6,48,3,2024-02-26,6612.9,EUR,Transaction description 705,2026-02-01T00:44:02.293833
706,16,46,5,2024-10-12,8295.7,USD,Transaction description 706,2026-02-01T00:44:02.293835
707,16,37,2,2024-02-15,1106.39,USD,Transaction description 707,2026-02-01T00:44:02.293837
708,19,1,4,2024-12-28,5884.06,GBP,Transaction description 708,2026-02-01T00:44:02.293839
709,18,38,4,2024-10-26,-8540.55,USD,Transaction description 709,2026-02-01T00:44:02.293842
710,3,26,3,2024-05-29,-25.5,EUR,Transaction description 710,2026-02-01T00:44:02.293844
711,9,10,2,2024-05-20,-3912.5,USD,Transaction description 711,2026-02-01T00:44:02.293846
712,5,25,5,2024-09-09,-6815.69,EUR,Transaction description 712,2026-02-01T00:44:02.293848
713,13,26,4,2024-10-11,-2828.43,EUR,Transaction description 713,2026-02-01T00:44:02.293850
714,19,25,1,2024-07-26,2705.94,EUR,Transaction description 714,2026-02-01T00:44:02.293852
715,16,33,5,2024-02-11,7166.43,USD,Transaction description 715,2026-02-01T00:44:02.293855
716,16,26,2,2024-10-16,-5440.68,USD,Transaction description 716,2026-02-01T00:44:02.293857
717,3,20,3,2024-05-12,-1763.59,USD,Transaction description 717,2026-02-01T00:44:02.293859
718,10,26,3,2024-09-14,8297.45,GBP,Transaction description 718,2026-02-01T00:44:02.293866
719,17,34,3,2024-03-29,-8430.36,USD,Transaction description 719,2026-02-01T00:44:02.293868
720,11,26,2,2024-08-11,1706.74,GBP,Transaction description 720,2026-02-01T00:44:02.293870
721,17,8,1,2024-08-22,5833.5,EUR,Transaction description 721,2026-02-01T00:44:02.293872
722,17,30,1,2024-07-28,-5366.22,USD,Transaction description 722,2026-02-01T00:44:02.293875
723,14,15,5,2024-10-17,-446.78,USD,Transaction description 723,2026-02-01T00:44:02.293877
724,7,50,4,2024-10-09,-9651.6,USD,Transaction description 724,2026-02-01T00:44:02.293879
725,3,38,3,2024-03-17,429.84,GBP,Transaction description 725,2026-02-01T00:44:02.293885
726,13,29,4,2024-08-26,-1633.41,EUR,Transaction description 726,2026-02-01T00:44:02.293887
727,6,16,1,2024-12-15,-2482.73,GBP,Transaction description 727,2026-02-01T00:44:02.293889
728,10,27,4,2024-06-11,-4347.49,GBP,Transaction description 728,2026-02-01T00:44:02.293892
729,10,6,1,2024-01-27,-5749.97,EUR,Transaction description 729,2026-02-01T00:44:02.293894
730,10,25,1,2024-01-21,8368.44,USD,Transaction description 730,2026-02-01T00:44:02.293896
731,14,42,3,2024-07-24,-7855.41,GBP,Transaction description 731,2026-02-01T00:44:02.293898
732,13,42,1,2024-09-28,885.58,USD,Transaction description 732,2026-02-01T00:44:02.293900
733,4,43,4,2024-03-20,717.39,EUR,Transaction description 733,2026-02-01T00:44:02.293903
734,7,13,4,2024-11-25,-7443.48,EUR,Transaction description 734,2026-02-01T00:44:02.293905
735,17,35,1,2024-03-14,-8596.13,USD,Transaction description 735,2026-02-01T00:44:02.293907
736,10,5,2,2024-11-18,-9056.77,USD,Transaction description 736,2026-02-01T00:44:02.293909
737,7,2,1,2024-02-25,6568.06,USD,Transaction description 737,2026-02-01T00:44:02.293920
738,15,33,5,2024-08-20,-2001.61,USD,Transaction description 738,2026-02-01T00:44:02.293923
739,7,1,5,2024-04-08,-5164.0,GBP,Transaction description 739,2026-02-01T00:44:02.293925
740,4,42,5,2024-01-05,-1881.42,EUR,Transaction description 740,2026-02-01T00:44:02.293927
741,2,32,2,2024-10-28,2870.13,GBP,Transaction description 741,2026-02-01T00:44:02.293929
742,12,37,3,2024-08-09,8800.37,GBP,Transaction description 742,2026-02-01T00:44:02.293932
743,10,49,4,2024-08-22,-915.5,USD,Transaction description 743,2026-02-01T00:44:02.293934
744,17,16,1,2024-07-05,-410.67,EUR,Transaction description 744,2026-02-01T00:44:02.293936
745,2,43,2,2024-03-03,-4588.69,EUR,Transaction description 745,2026-02-01T00:44:02.293938
746,10,17,3,2024-10-29,7493.72,EUR,Transaction description 746,2026-02-01T00:44:02.293940
747,10,6,1,2024-12-14,-1801.71,USD,Transaction description 747,2026-02-01T00:44:02.293942
748,8,43,1,2024-01-17,1484.5,EUR,Transaction description 748,2026-02-01T00:44:02.293944
749,15,42,2,2024-02-29,4065.08,GBP,Transaction description 749,2026-02-01T00:44:02.293947
750,2,9,2,2024-10-23,-7167.9,EUR,Transaction description 750,2026-02-01T00:44:02.293949
751,14,38,3,2024-04-24,4619.4,USD,Transaction description 751,2026-02-01T00:44:02.293951
752,1,47,4,2024-09-23,2635.98,GBP,Transaction description 752,2026-02-01T00:44:02.293953
753,11,16,4,2024-04-03,-3768.8,EUR,Transaction description 753,2026-02-01T00:44:02.293955
754,3,3,2,2024-07-19,3160.18,USD,Transaction description 754,2026-02-01T00:44:02.293957
755,1,5,5,2024-04-14,-6841.5,GBP,Transaction description 755,2026-02-01T00:44:02.293959
756,15,33,4,2024-01-02,-2285.63,GBP,Transaction description 756,2026-02-01T00:44:02.293962
757,15,32,5,2024-05-11,9409.67,USD,Transaction description 757,2026-02-01T00:44:02.293964
758,15,24,2,2024-12-24,2198.83,EUR,Transaction description 758,2026-02-01T00:44:02.293966
759,8,49,1,2024-04-24,-503.15,GBP,Transaction description 759,2026-02-01T00:44:02.293968
760,5,10,1,2024-04-24,-2716.1,USD,Transaction description 760,2026-02-01T00:44:02.293970
761,3,3,4,2024-07-27,2875.61,EUR,Transaction description 761,2026-02-01T00:44:02.293972
762,7,2,4,2024-05-19,-3700.37,EUR,Transaction description 762,2026-02-01T00:44:02.293976
763,13,29,3,2024-09-29,-2514.74,EUR,Transaction description 763,2026-02-01T00:44:02.293978
764,11,25,4,2024-02-22,2677.7,EUR,Transaction description 764,2026-02-01T00:44:02.293980
765,10,13,2,2024-10-05,654.08,GBP,Transaction description 765,2026-02-01T00:44:02.293982
766,6,34,1,2024-12-15,2602.44,EUR,Transaction description 766,2026-02-01T00:44:02.293985
767,14,17,3,2024-09-28,-3850.51,EUR,Transaction description 767,2026-02-01T00:44:02.293987
768,15,41,1,2024-03-13,-406.3,EUR,Transaction description 768,2026-02-01T00:44:02.293989
769,6,35,1,2024-10-19,-4474.39,USD,Transaction description 769,2026-02-01T00:44:02.293991
770,5,13,4,2024-04-15,-800.18,USD,Transaction description 770,2026-02-01T00:44:02.293993
771,5,50,2,2024-03-20,7364.64,USD,Transaction description 771,2026-02-01T00:44:02.293995
772,9,39,1,2024-02-14,7629.3,EUR,Transaction description 772,2026-02-01T00:44:02.293997
773,11,27,4,2024-01-24,-6290.5,EUR,Transaction description 773,2026-02-01T00:44:02.293999
774,3,4,1,2024-09-22,-5651.72,EUR,Transaction description 774,2026-02-01T00:44:02.294002
775,4,34,3,2024-07-15,1036.86,GBP,Transaction description 775,2026-02-01T00:44:02.294004
776,8,12,2,2024-07-01,-9454.15,EUR,Transaction description 776,2026-02-01T00:44:02.294006
777,17,29,1,2024-03-18,-6400.37,GBP,Transaction description 777,2026-02-01T00:44:02.294008
778,9,23,4,2024-06-02,-9321.83,GBP,Transaction description 778,2026-02-01T00:44:02.294010
779,19,5,5,2024-07-19,-9103.75,GBP,Transaction description 779,2026-02-01T00:44:02.294012
780,5,8,3,2024-12-29,4317.52,USD,Transaction description 780,2026-02-01T00:44:02.294014
781,10,6,3,2024-02-01,3488.0,USD,Transaction description 781,2026-02-01T00:44:02.294016
782,15,28,2,2024-03-08,-6139.89,USD,Transaction description 782,2026-02-01T00:44:02.294019
783,2,34,2,2024-02-26,2976.62,EUR,Transaction description 783,2026-02-01T00:44:02.294021
784,1,8,5,2024-09-06,-43.64,GBP,Transaction description 784,2026-02-01T00:44:02.294023
785,10,4,2,2024-03-14,3692.75,EUR,Transaction description 785,2026-02-01T00:44:02.294025
786,20,30,2,2024-07-06,1749.95,GBP,Transaction description 786,2026-02-01T00:44:02.294027
787,3,46,5,2024-02-14,9636.24,GBP,Transaction description 787,2026-02-01T00:44:02.294029
788,18,47,2,2024-08-10,3558.33,GBP,Transaction description 788,2026-02-01T00:44:02.294031
789,13,20,5,2024-09-16,-9500.17,EUR,Transaction description 789,2026-02-01T00:44:02.294034
790,5,35,4,2024-06-18,7171.86,GBP,Transaction description 790,2026-02-01T00:44:02.294036
791,12,7,4,2024-09-23,3883.16,EUR,Transaction description 791,2026-02-01T00:44:02.294038
792,10,45,3,2024-08-30,-9313.1,EUR,Transaction description 792,2026-02-01T00:44:02.294040
793,9,22,5,2024-03-17,5088.93,GBP,Transaction description 793,2026-02-01T00:44:02.294042
794,1,50,1,2024-10-29,3567.93,GBP,Transaction description 794,2026-02-01T00:44:02.294044
795,11,23,5,2024-05-15,1628.93,EUR,Transaction description 795,2026-02-01T00:44:02.294046
796,15,39,4,2024-02-09,-4058.7,USD,Transaction description 796,2026-02-01T00:44:02.294049
797,8,4,5,2024-11-14,-5193.74,USD,Transaction description 797,2026-02-01T00:44:02.294051
798,7,48,5,2024-05-16,4512.26,GBP,Transaction description 798,2026-02-01T00:44:02.294053
799,6,4,2,2024-03-21,1955.52,GBP,Transaction description 799,2026-02-01T00:44:02.294055
800,8,50,3,2024-05-09,-1159.74,GBP,Transaction description 800,2026-02-01T00:44:02.294057
801,10,10,2,2024-11-19,4921.03,EUR,Transaction description 801,2026-02-01T00:44:02.294059
802,14,15,3,2024-06-09,-6201.9,USD,Transaction description 802,2026-02-01T00:44:02.294061
803,1,47,2,2024-03-19,4289.6,EUR,Transaction description 803,2026-02-01T00:44:02.294063
804,5,12,2,2024-09-16,-531.45,GBP,Transaction description 804,2026-02-01T00:44:02.294066
805,11,24,1,2024-04-21,3547.03,USD,Transaction description 805,2026-02-01T00:44:02.294068
806,19,32,1,2024-01-03,-3720.13,EUR,Transaction description 806,2026-02-01T00:44:02.294070
807,2,10,5,2024-10-25,2962.98,USD,Transaction description 807,2026-02-01T00:44:02.294072
808,15,20,5,2024-11-07,9334.37,USD,Transaction description 808,2026-02-01T00:44:02.294074
809,16,29,1,2024-04-06,1834.16,USD,Transaction description 809,2026-02-01T00:44:02.294077
810,1,48,3,2024-04-30,-6677.57,USD,Transaction description 810,2026-02-01T00:44:02.294079
811,15,7,1,2024-02-19,3838.27,EUR,Transaction description 811,2026-02-01T00:44:02.294082
812,1,3,2,2024-07-12,4057.97,GBP,Transaction description 812,2026-02-01T00:44:02.294084
813,3,9,3,2024-08-23,6961.56,EUR,Transaction description 813,2026-02-01T00:44:02.294086
814,4,26,3,2024-08-20,-2392.2,USD,Transaction description 814,2026-02-01T00:44:02.294088
815,12,37,1,2024-11-26,-9671.05,USD,Transaction description 815,2026-02-01T00:44:02.294090
816,9,13,2,2024-02-09,-692.4,EUR,Transaction description 816,2026-02-01T00:44:02.294092
817,7,28,3,2024-06-13,-4303.42,GBP,Transaction description 817,2026-02-01T00:44:02.294094
818,16,8,3,2024-11-17,-1243.59,USD,Transaction description 818,2026-02-01T00:44:02.294097
819,13,24,1,2024-03-04,3448.74,GBP,Transaction description 819,2026-02-01T00:44:02.294099
820,7,38,4,2024-08-09,-8359.66,GBP,Transaction description 820,2026-02-01T00:44:02.294101
821,20,32,5,2024-05-25,-9803.3,USD,Transaction description 821,2026-02-01T00:44:02.294103
822,18,49,2,2024-09-29,-195.72,EUR,Transaction description 822,2026-02-01T00:44:02.294105
823,7,14,2,2024-02-29,-6788.71,GBP,Transaction description 823,2026-02-01T00:44:02.294107
824,13,17,4,2024-05-22,1025.5,USD,Transaction description 824,2026-02-01T00:44:02.294109
825,18,25,3,2024-03-11,565.8,EUR,Transaction description 825,2026-02-01T00:44:02.294112
826,2,34,1,2024-02-17,-1136.62,EUR,Transaction description 826,2026-02-01T00:44:02.294114
827,16,3,4,2024-03-25,7033.32,GBP,Transaction description 827,2026-02-01T00:44:02.294116
828,3,38,1,2024-10-30,-9900.57,USD,Transaction description 828,2026-02-01T00:44:02.294118
829,20,28,4,2024-05-21,4801.23,GBP,Transaction description 829,2026-02-01T00:44:02.294120
830,2,43,3,2024-08-18,-80.92,USD,Transaction description 830,2026-02-01T00:44:02.294123
831,17,12,5,2024-12-11,6139.53,EUR,Transaction description 831,2026-02-01T00:44:02.294125
832,13,45,4,2024-05-01,-7158.87,USD,Transaction description 832,2026-02-01T00:44:02.294127
833,14,16,2,2024-04-13,3619.37,USD,Transaction description 833,2026-02-01T00:44:02.294129
834,9,43,4,2024-03-30,5921.85,USD,Transaction description 834,2026-02-01T00:44:02.294131
835,14,18,5,2024-01-03,-9013.88,GBP,Transaction description 835,2026-02-01T00:44:02.294133
836,7,42,1,2024-11-18,4948.86,USD,Transaction description 836,2026-02-01T00:44:02.294135
837,7,30,5,2024-10-02,1790.95,GBP,Transaction description 837,2026-02-01T00:44:02.294138
838,1,26,5,2024-09-10,-6735.82,EUR,Transaction description 838,2026-02-01T00:44:02.294140
839,13,6,1,2024-08-14,8202.99,USD,Transaction description 839,2026-02-01T00:44:02.294142
840,3,22,3,2024-09-01,4735.66,GBP,Transaction description 840,2026-02-01T00:44:02.294144
841,16,20,3,2024-10-05,7414.38,EUR,Transaction description 841,2026-02-01T00:44:02.294146
842,18,36,3,2024-09-21,2447.9,EUR,Transaction description 842,2026-02-01T00:44:02.294148
843,12,4,2,2024-02-06,5008.01,GBP,Transaction description 843,2026-02-01T00:44:02.294150
844,13,9,2,2024-08-26,8658.51,EUR,Transaction description 844,2026-02-01T00:44:02.294152
845,14,6,5,2024-10-18,-9686.52,EUR,Transaction description 845,2026-02-01T00:44:02.294155
846,19,31,4,2024-05-13,4827.95,EUR,Transaction description 846,2026-02-01T00:44:02.294157
847,9,13,3,2024-04-20,4696.29,GBP,Transaction description 847,2026-02-01T00:44:02.294163
848,17,10,3,2024-10-24,2885.28,GBP,Transaction description 848,2026-02-01T00:44:02.294165
849,9,7,1,2024-02-22,9235.65,EUR,Transaction description 849,2026-02-01T00:44:02.294167
850,11,10,3,2024-01-06,-7218.44,USD,Transaction description 850,2026-02-01T00:44:02.294169
851,9,45,5,2024-06-11,-1054.01,GBP,Transaction description 851,2026-02-01T00:44:02.294171
852,17,6,2,2024-09-02,-4018.45,EUR,Transaction description 852,2026-02-01T00:44:02.294173
853,9,27,5,2024-06-06,2777.4,EUR,Transaction description 853,2026-02-01T00:44:02.294175
854,18,37,2,2024-03-11,8080.96,GBP,Transaction description 854,2026-02-01T00:44:02.294178
855,19,39,4,2024-01-01,-1852.49,USD,Transaction description 855,2026-02-01T00:44:02.294180
856,18,9,5,2024-03-16,8901.81,USD,Transaction description 856,2026-02-01T00:44:02.294182
857,1,43,4,2024-07-22,9816.52,USD,Transaction description 857,2026-02-01T00:44:02.294184
858,7,4,4,2024-04-05,1032.8,EUR,Transaction description 858,2026-02-01T00:44:02.294186
859,5,38,2,2024-06-04,6266.45,EUR,Transaction description 859,2026-02-01T00:44:02.294188
860,5,38,5,2024-08-23,-5453.06,USD,Transaction description 860,2026-02-01T00:44:02.294190
861,18,43,3,2024-03-12,8524.12,EUR,Transaction description 861,2026-02-01T00:44:02.294193
862,7,17,3,2024-08-21,-599.83,GBP,Transaction description 862,2026-02-01T00:44:02.294195
863,1,49,1,2024-05-01,1803.19,EUR,Transaction description 863,2026-02-01T00:44:02.294197
864,8,15,1,2024-02-11,7808.48,EUR,Transaction description 864,2026-02-01T00:44:02.294200
865,20,11,4,2024-03-26,1150.47,USD,Transaction description 865,2026-02-01T00:44:02.294202
866,16,34,1,2024-09-09,1195.1,EUR,Transaction description 866,2026-02-01T00:44:02.294204
867,15,3,2,2024-11-11,3120.4,EUR,Transaction description 867,2026-02-01T00:44:02.294206
868,4,38,1,2024-07-12,8921.52,GBP,Transaction description 868,2026-02-01T00:44:02.294208
869,6,47,3,2024-07-23,-352.07,USD,Transaction description 869,2026-02-01T00:44:02.294210
870,17,43,2,2024-02-10,3594.42,GBP,Transaction description 870,2026-02-01T00:44:02.294212
871,3,42,5,2024-09-19,2264.27,EUR,Transaction description 871,2026-02-01T00:44:02.294214
872,2,46,2,2024-03-15,2707.96,GBP,Transaction description 872,2026-02-01T00:44:02.294216
873,17,32,3,2024-07-28,7476.31,EUR,Transaction description 873,2026-02-01T00:44:02.294218
874,16,20,4,2024-05-27,-8514.6,USD,Transaction description 874,2026-02-01T00:44:02.294221
875,9,4,5,2024-08-03,-8398.69,EUR,Transaction description 875,2026-02-01T00:44:02.294223
876,12,38,3,2024-09-30,-2106.21,GBP,Transaction description 876,2026-02-01T00:44:02.294225
877,17,1,4,2024-02-09,2818.38,USD,Transaction description 877,2026-02-01T00:44:02.294227
878,13,10,1,2024-01-18,-3523.79,GBP,Transaction description 878,2026-02-01T00:44:02.294229
879,19,48,2,2024-04-03,-3105.26,EUR,Transaction description 879,2026-02-01T00:44:02.294231
880,11,25,2,2024-05-05,9121.02,GBP,Transaction description 880,2026-02-01T00:44:02.294233
881,7,10,2,2024-07-13,2799.51,EUR,Transaction description 881,2026-02-01T00:44:02.294235
882,5,3,4,2024-10-28,3867.83,EUR,Transaction description 882,2026-02-01T00:44:02.294238
883,15,4,3,2024-08-29,-7233.74,USD,Transaction description 883,2026-02-01T00:44:02.294240
884,14,3,3,2024-02-25,-4157.67,EUR,Transaction description 884,2026-02-01T00:44:02.294242
885,4,19,5,2024-02-29,9525.42,GBP,Transaction description 885,2026-02-01T00:44:02.294244
886,3,42,1,2024-03-04,-7232.44,EUR,Transaction description 886,2026-02-01T00:44:02.294246
887,16,48,3,2024-07-11,2118.88,GBP,Transaction description 887,2026-02-01T00:44:02.294248
888,17,13,5,2024-06-26,9102.66,GBP,Transaction description 888,2026-02-01T00:44:02.294250
889,12,22,2,2024-11-19,-3573.71,GBP,Transaction description 889,2026-02-01T00:44:02.294253
890,12,41,2,2024-09-13,2292.38,USD,Transaction description 890,2026-02-01T00:44:02.294255
891,14,38,4,2024-01-26,9697.17,USD,Transaction description 891,2026-02-01T00:44:02.294257
892,16,38,4,2024-05-28,-2108.14,GBP,Transaction description 892,2026-02-01T00:44:02.294260
893,9,4,5,2024-02-19,-4560.88,EUR,Transaction description 893,2026-02-01T00:44:02.294262
894,5,44,4,2024-10-06,-4240.68,USD,Transaction description 894,2026-02-01T00:44:02.294264
895,2,46,3,2024-07-01,1905.32,USD,Transaction description 895,2026-02-01T00:44:02.294266
896,18,10,1,2024-01-13,8629.97,GBP,Transaction description 896,2026-02-01T00:44:02.294268
897,4,11,4,2024-07-17,-9037.71,EUR,Transaction description 897,2026-02-01T00:44:02.294270
898,13,10,3,2024-07-08,7777.42,GBP,Transaction description 898,2026-02-01T00:44:02.294272
899,20,39,4,2024-01-24,-7447.81,USD,Transaction description 899,2026-02-01T00:44:02.294274
900,20,20,4,2024-08-24,5679.89,GBP,Transaction description 900,2026-02-01T00:44:02.294276
901,9,38,4,2024-05-22,-9999.93,GBP,Transaction description 901,2026-02-01T00:44:02.294279
902,17,34,1,2024-05-14,-1754.08,USD,Transaction description 902,2026-02-01T00:44:02.294281
903,10,29,3,2024-03-04,-9935.03,EUR,Transaction description 903,2026-02-01T00:44:02.294283
904,13,48,2,2024-02-25,4576.35,USD,Transaction description 904,2026-02-01T00:44:02.294285
905,11,41,5,2024-10-02,588.65,GBP,Transaction description 905,2026-02-01T00:44:02.294287
906,7,12,3,2024-08-13,1793.34,USD,Transaction description 906,2026-02-01T00:44:02.294289
907,15,44,3,2024-09-01,-3028.12,USD,Transaction description 907,2026-02-01T00:44:02.294291
908,1,15,4,2024-07-14,3089.05,EUR,Transaction description 908,2026-02-01T00:44:02.294293
909,2,21,4,2024-06-22,-4110.78,USD,Transaction description 909,2026-02-01T00:44:02.294295
910,10,17,5,2024-04-20,-474.05,GBP,Transaction description 910,2026-02-01T00:44:02.294298
911,5,2,5,2024-09-15,7264.76,USD,Transaction description 911,2026-02-01T00:44:02.294300
912,4,8,3,2024-07-07,3618.64,USD,Transaction description 912,2026-02-01T00:44:02.294302
913,12,38,5,2024-01-14,8347.1,EUR,Transaction description 913,2026-02-01T00:44:02.294304
914,17,34,5,2024-07-11,835.02,USD,Transaction description 914,2026-02-01T00:44:02.294311
915,5,1,3,2024-09-07,7316.93,GBP,Transaction description 915,2026-02-01T00:44:02.294313
916,17,11,3,2024-07-18,4531.31,EUR,Transaction description 916,2026-02-01T00:44:02.294315
917,11,33,2,2024-03-01,4059.19,USD,Transaction description 917,2026-02-01T00:44:02.294317
918,8,25,4,2024-02-08,21.94,GBP,Transaction description 918,2026-02-01T00:44:02.294319
919,8,4,3,2024-03-24,-8536.47,EUR,Transaction description 919,2026-02-01T00:44:02.294322
920,14,7,2,2024-09-17,9976.95,GBP,Transaction description 920,2026-02-01T00:44:02.294324
921,10,12,1,2024-06-30,-1559.38,GBP,Transaction description 921,2026-02-01T00:44:02.294326
922,5,35,2,2024-01-24,-5720.28,EUR,Transaction description 922,2026-02-01T00:44:02.294328
923,11,33,1,2024-07-09,-7228.6,EUR,Transaction description 923,2026-02-01T00:44:02.294330
924,13,25,1,2024-05-16,-5636.85,EUR,Transaction description 924,2026-02-01T00:44:02.294332
925,9,4,2,2024-03-13,2100.83,EUR,Transaction description 925,2026-02-01T00:44:02.294334
926,15,16,1,2024-05-22,2208.83,GBP,Transaction description 926,2026-02-01T00:44:02.294337
927,11,14,4,2024-06-28,-2938.84,USD,Transaction description 927,2026-02-01T00:44:02.294339
928,16,1,5,2024-08-25,730.59,EUR,Transaction description 928,2026-02-01T00:44:02.294341
929,15,2,3,2024-03-03,4802.54,EUR,Transaction description 929,2026-02-01T00:44:02.294343
930,4,6,4,2024-10-03,-571.4,USD,Transaction description 930,2026-02-01T00:44:02.294346
931,11,31,1,2024-12-12,-3246.58,GBP,Transaction description 931,2026-02-01T00:44:02.294348
932,11,49,3,2024-03-23,-4462.52,USD,Transaction description 932,2026-02-01T00:44:02.294350
933,11,44,1,2024-11-19,-3737.49,EUR,Transaction description 933,2026-02-01T00:44:02.294352
934,2,50,1,2024-08-31,4653.73,USD,Transaction description 934,2026-02-01T00:44:02.294354
935,4,46,4,2024-03-11,767.8,EUR,Transaction description 935,2026-02-01T00:44:02.294357
936,20,16,1,2024-09-15,9766.14,EUR,Transaction description 936,2026-02-01T00:44:02.294359
937,19,4,4,2024-10-09,5795.34,USD,Transaction description 937,2026-02-01T00:44:02.294361
938,17,46,5,2024-01-07,-9676.26,GBP,Transaction description 938,2026-02-01T00:44:02.294363
939,12,5,2,2024-11-18,8978.15,EUR,Transaction description 939,2026-02-01T00:44:02.294365
940,12,15,3,2024-08-02,-9144.22,EUR,Transaction description 940,2026-02-01T00:44:02.294367
941,13,12,3,2024-04-23,4267.37,EUR,Transaction description 941,2026-02-01T00:44:02.294369
942,18,15,1,2024-12-27,5218.27,GBP,Transaction description 942,2026-02-01T00:44:02.294371
943,1,34,2,2024-04-05,-3616.63,GBP,Transaction description 943,2026-02-01T00:44:02.294373
944,7,8,1,2024-09-27,-1912.05,GBP,Transaction description 944,2026-02-01T00:44:02.294376
945,15,46,5,2024-12-24,9266.8,EUR,Transaction description 945,2026-02-01T00:44:02.294378
946,7,38,3,2024-05-28,-1964.54,EUR,Transaction description 946,2026-02-01T00:44:02.294380
947,14,40,1,2024-05-17,-2153.19,EUR,Transaction description 947,2026-02-01T00:44:02.294382
948,8,10,1,2024-10-31,-5682.41,GBP,Transaction description 948,2026-02-01T00:44:02.294384
949,10,18,5,2024-08-24,-8783.77,GBP,Transaction description 949,2026-02-01T00:44:02.294387
950,16,35,1,2024-11-05,-2114.09,USD,Transaction description 950,2026-02-01T00:44:02.294389
951,6,23,3,2024-06-02,-9639.74,EUR,Transaction description 951,2026-02-01T00:44:02.294391
952,13,30,4,2024-01-20,5681.04,EUR,Transaction description 952,2026-02-01T00:44:02.294393
953,17,49,5,2024-06-14,-5515.53,USD,Transaction description 953,2026-02-01T00:44:02.294395
954,3,25,2,2024-11-14,5363.77,USD,Transaction description 954,2026-02-01T00:44:02.294397
955,20,1,1,2024-03-02,-4564.09,GBP,Transaction description 955,2026-02-01T00:44:02.294399
956,7,3,3,2024-02-02,7634.5,USD,Transaction description 956,2026-02-01T00:44:02.294401
957,19,12,5,2024-02-01,-3442.14,USD,Transaction description 957,2026-02-01T00:44:02.294403
958,7,12,3,2024-11-07,-3147.53,EUR,Transaction description 958,2026-02-01T00:44:02.294405
959,19,11,1,2024-09-17,8739.02,USD,Transaction description 959,2026-02-01T00:44:02.294407
960,15,33,4,2024-10-01,2702.75,USD,Transaction description 960,2026-02-01T00:44:02.294410
961,7,24,5,2024-08-04,8141.03,EUR,Transaction description 961,2026-02-01T00:44:02.294412
962,1,49,2,2024-05-19,-6579.12,USD,Transaction description 962,2026-02-01T00:44:02.294414
963,15,48,4,2024-07-31,5676.04,USD,Transaction description 963,2026-02-01T00:44:02.294416
964,17,49,4,2024-06-13,6406.93,GBP,Transaction description 964,2026-02-01T00:44:02.294418
965,8,6,3,2024-08-01,3297.07,EUR,Transaction description 965,2026-02-01T00:44:02.294420
966,17,8,3,2024-05-22,-6206.86,GBP,Transaction description 966,2026-02-01T00:44:02.294423
967,17,37,4,2024-05-15,-2775.7,USD,Transaction description 967,2026-02-01T00:44:02.294425
968,15,46,5,2024-10-04,-7530.59,GBP,Transaction description 968,2026-02-01T00:44:02.294427
969,11,35,4,2024-02-24,-878.71,EUR,Transaction description 969,2026-02-01T00:44:02.294429
970,2,35,2,2024-06-24,-5989.21,GBP,Transaction description 970,2026-02-01T00:44:02.294431
971,10,48,2,2024-01-13,-6562.45,USD,Transaction description 971,2026-02-01T00:44:02.294433
972,4,33,3,2024-06-19,4899.57,USD,Transaction description 972,2026-02-01T00:44:02.294435
973,2,3,3,2024-07-05,428.97,USD,Transaction description 973,2026-02-01T00:44:02.294438
974,10,8,2,2024-06-06,6023.3,GBP,Transaction description 974,2026-02-01T00:44:02.294442
975,9,5,2,2024-12-12,-2861.26,GBP,Transaction description 975,2026-02-01T00:44:02.294444
976,4,45,5,2024-02-16,-8789.35,EUR,Transaction description 976,2026-02-01T00:44:02.294446
977,16,5,5,2024-03-02,5585.04,GBP,Transaction description 977,2026-02-01T00:44:02.294448
978,7,20,5,2024-05-25,7904.88,GBP,Transaction description 978,2026-02-01T00:44:02.294450
979,20,43,3,2024-05-30,-6751.28,GBP,Transaction description 979,2026-02-01T00:44:02.294452
980,15,11,2,2024-05-14,5874.47,EUR,Transaction description 980,2026-02-01T00:44:02.294455
981,9,47,1,2024-03-24,1107.5,EUR,Transaction description 981,2026-02-01T00:44:02.294457
982,16,12,5,2024-02-23,-3941.67,GBP,Transaction description 982,2026-02-01T00:44:02.294459
983,3,11,1,2024-01-14,2364.87,EUR,Transaction description 983,2026-02-01T00:44:02.294461
984,5,37,4,2024-08-27,-6203.16,USD,Transaction description 984,2026-02-01T00:44:02.294463
985,18,35,2,2024-04-07,8520.19,GBP,Transaction description 985,2026-02-01T00:44:02.294465
986,19,31,2,2024-12-14,2153.16,USD,Transaction description 986,2026-02-01T00:44:02.294467
987,4,48,5,2024-04-04,4146.39,USD,Transaction description 987,2026-02-01T00:44:02.294469
988,15,31,4,2024-04-30,9445.0,USD,Transaction description 988,2026-02-01T00:44:02.294472
989,17,43,4,2024-12-11,6564.47,EUR,Transaction description 989,2026-02-01T00:44:02.294474
990,2,24,4,2024-07-27,7677.2,EUR,Transaction description 990,2026-02-01T00:44:02.294476
991,5,30,1,2024-09-22,-2754.35,EUR,Transaction description 991,2026-02-01T00:44:02.294478
992,8,29,1,2024-04-08,-6194.75,EUR,Transaction description 992,2026-02-01T00:44:02.294480
993,7,46,2,2024-12-02,8855.81,USD,Transaction description 993,2026-02-01T00:44:02.294482
994,16,21,3,2024-09-20,3874.77,EUR,Transaction description 994,2026-02-01T00:44:02.294485
995,17,4,5,2024-06-21,4200.49,EUR,Transaction description 995,2026-02-01T00:44:02.294487
996,5,45,4,2024-03-13,736.27,USD,Transaction description 996,2026-02-01T00:44:02.294489
997,14,8,1,2024-04-04,-3403.19,EUR,Transaction description 997,2026-02-01T00:44:02.294491
998,8,47,4,2024-12-13,-5581.16,GBP,Transaction description 998,2026-02-01T00:44:02.294493
999,20,22,1,2024-06-17,972.43,USD,Transaction description 999,2026-02-01T00:44:02.294495
1000,16,2,1,2024-08-08,-6907.84,EUR,Transaction description 1000,2026-02-01T00:44:02.294497
